id,text,label,domain,difficulty,has_deadline,has_condition,has_owner,language_style,source_type,reason
train_0001,I think the invoice breakdown was already approved by Sneha.,NON_COMMITMENT,operations,medium,False,False,False,professional,synthetic_curated,Non-commitment statement regarding the invoice breakdown.
train_0002,I'm going to take ownership of the client proposal and deliver it by Wednesday end of day.,COMMITMENT,project,easy,True,False,True,professional,synthetic_curated,Definite promise/undertaking involving the client proposal.
train_0003,"Count me in for the API documentation, I will finish it before the sprint review tomorrow.",COMMITMENT,academic_student,medium,True,False,True,informal_chat,synthetic_curated,Definite promise/undertaking involving the API documentation.
train_0004,"If any blocker arises with the staging deployment, I'll notify the channel immediately.",COMMITMENT,engineering,hard,False,True,True,professional,synthetic_curated,Definite promise/undertaking involving the staging deployment.
train_0005,I commit to finalizing the API documentation as soon as we resolve the open discussion.,COMMITMENT,sales_client,medium,False,True,True,professional,synthetic_curated,Definite promise/undertaking involving the API documentation.
train_0006,I'll handle the paperwork for the meeting minutes by Friday noon.,COMMITMENT,operations,easy,True,False,True,professional,synthetic_curated,Definite promise/undertaking involving the meeting minutes.
train_0007,I promise to compile the customer refund request.,COMMITMENT,sales_client,easy,False,False,True,professional,synthetic_curated,Explicit promissory statement committing speaker to compile the customer refund request.
train_0008,Can we discuss the updated pitch deck during our 1-on-1 meeting?,NON_COMMITMENT,project,easy,False,False,False,professional,synthetic_curated,Non-commitment statement regarding the updated pitch deck.
train_0009,I will follow up with the vendor regarding the release candidate build by Wednesday end of day.,COMMITMENT,operations,easy,True,False,True,professional,synthetic_curated,Definite promise/undertaking involving the release candidate build.
train_0010,I commit to finalizing the release candidate build as soon as we resolve the open discussion.,COMMITMENT,sales_client,medium,False,True,True,professional,synthetic_curated,Definite promise/undertaking involving the release candidate build.
train_0011,"If you can confirm the numbers, Kavya and I will upload the database migration script.",COMMITMENT,executive,hard,False,True,True,formal_email,synthetic_curated,Joint conditional commitment tied to user confirmation.
train_0012,"Mayur, kindly make sure the quotation spreadsheet is uploaded tonight before midnight.",NON_COMMITMENT,operations,medium,True,False,False,formal_email,synthetic_curated,Directive instructing someone else to perform a task.
train_0013,"In my opinion, the unit test suite needs a complete redesign.",NON_COMMITMENT,engineering,easy,False,False,False,professional,synthetic_curated,Subjective opinion regarding quality.
train_0014,Did Mayur already finish the unit test suite?,NON_COMMITMENT,project,easy,False,False,False,professional,synthetic_curated,Status question about past action.
train_0015,Did Vikram already finish the invoice breakdown?,NON_COMMITMENT,project,easy,False,False,False,professional,synthetic_curated,Status question about past action.
train_0016,I promise to upload the release candidate build.,COMMITMENT,operations,easy,False,False,True,professional,synthetic_curated,Explicit promissory statement committing speaker to upload the release candidate build.
train_0017,"I'll send across the bug fix patch by tomorrow at 10 AM, promise.",COMMITMENT,personal_errands,easy,True,False,True,professional,synthetic_curated,Definite promise/undertaking involving the bug fix patch.
train_0018,Did Arjun already finish the quotation spreadsheet?,NON_COMMITMENT,project,easy,False,False,False,professional,synthetic_curated,Status question about past action.
train_0019,I'm thinking about working on the architecture diagram by Wednesday end of day.,NON_COMMITMENT,project,hard,True,False,True,informal_chat,synthetic_curated,Weak intention ('thinking about') lacks promissory undertaking.
train_0020,I might check the customer refund request if I get some free time.,NON_COMMITMENT,engineering,hard,False,True,True,informal_chat,synthetic_curated,"Tentative possibility ('might') conditional on free time, not a binding commitment."
train_0021,"If any blocker arises with the code review comments, I'll notify the channel immediately.",COMMITMENT,engineering,hard,False,True,True,professional,synthetic_curated,Definite promise/undertaking involving the code review comments.
train_0022,I'll double check the figures for the customer refund request tonight.,COMMITMENT,sales_client,easy,True,False,True,professional,synthetic_curated,Definite promise/undertaking involving the customer refund request.
train_0023,Why was the database migration script not updated in the shared folder?,NON_COMMITMENT,operations,easy,False,False,False,professional,synthetic_curated,Non-commitment statement regarding the database migration script.
train_0024,Why was the release candidate build not updated in the shared folder?,NON_COMMITMENT,operations,easy,False,False,False,professional,synthetic_curated,Non-commitment statement regarding the release candidate build.
train_0025,I will make sure Mayur receives the the pricing calculator before the client meeting starts.,COMMITMENT,project,medium,True,False,True,professional,synthetic_curated,Definite promise/undertaking involving the pricing calculator.
train_0026,Who is responsible for preparing the API documentation?,NON_COMMITMENT,operations,easy,False,False,False,professional,synthetic_curated,Informational inquiry regarding responsibility.
train_0027,"In my opinion, the staging deployment needs a complete redesign.",NON_COMMITMENT,engineering,easy,False,False,False,professional,synthetic_curated,Subjective opinion regarding quality.
train_0028,I will follow up with the vendor regarding the meeting minutes by Friday noon.,COMMITMENT,operations,easy,True,False,True,professional,synthetic_curated,Definite promise/undertaking involving the meeting minutes.
train_0029,Spoke with Kavya; they confirmed they are handling the client proposal and will send it within the next two hours.,COMMITMENT,operations,medium,True,False,True,informal_chat,synthetic_curated,Confirmed delegated undertaking on behalf of Kavya.
train_0030,I promise to prepare the architecture diagram.,COMMITMENT,sales_client,easy,False,False,True,professional,synthetic_curated,Explicit promissory statement committing speaker to prepare the architecture diagram.
train_0031,We will deliver the meeting minutes to your team by Friday noon.,COMMITMENT,sales_client,easy,True,False,True,professional,synthetic_curated,Definite promise/undertaking involving the meeting minutes.
train_0032,Spoke with Alex; they confirmed they are handling the bug fix patch and will send it over the weekend.,COMMITMENT,operations,medium,True,False,True,informal_chat,synthetic_curated,Confirmed delegated undertaking on behalf of Alex.
train_0033,"If any blocker arises with the updated pitch deck, I'll notify the channel immediately.",COMMITMENT,engineering,hard,False,True,True,professional,synthetic_curated,Definite promise/undertaking involving the updated pitch deck.
train_0034,I'm thinking about working on the staging deployment first thing Monday morning.,NON_COMMITMENT,project,hard,True,False,True,informal_chat,synthetic_curated,Weak intention ('thinking about') lacks promissory undertaking.
train_0035,I commit to finalizing the project timeline as soon as we resolve the open discussion.,COMMITMENT,sales_client,medium,False,True,True,professional,synthetic_curated,Definite promise/undertaking involving the project timeline.
train_0036,I'm going to take ownership of the customer refund request and deliver it before 5 PM today.,COMMITMENT,project,easy,True,False,True,professional,synthetic_curated,Definite promise/undertaking involving the customer refund request.
train_0037,"Provided the budget gets cleared by finance, I will deliver the bug fix patch before the sprint review tomorrow.",COMMITMENT,sales_client,medium,True,True,True,professional,synthetic_curated,Conditional commitment triggered upon condition fulfillment.
train_0038,"Arjun, kindly make sure the meeting minutes is uploaded by Friday noon.",NON_COMMITMENT,operations,medium,True,False,False,formal_email,synthetic_curated,Directive instructing someone else to perform a task.
train_0039,"Great job on the demo presentation today everyone, loved the slides.",NON_COMMITMENT,executive,easy,False,False,False,informal_chat,synthetic_curated,Praise / acknowledgment
train_0040,I will make sure Vikram receives the the financial forecast by end of day tomorrow.,COMMITMENT,project,medium,True,False,True,professional,synthetic_curated,Definite promise/undertaking involving the financial forecast.
train_0041,I'm thinking about working on the customer refund request tonight before midnight.,NON_COMMITMENT,project,hard,True,False,True,informal_chat,synthetic_curated,Weak intention ('thinking about') lacks promissory undertaking.
train_0042,"Count me in for the updated pitch deck, I will finish it first thing Monday morning.",COMMITMENT,academic_student,medium,True,False,True,informal_chat,synthetic_curated,Definite promise/undertaking involving the updated pitch deck.
train_0043,I wonder if Kavya has looked at the updated pitch deck yet.,NON_COMMITMENT,project,medium,False,False,False,professional,synthetic_curated,Non-commitment statement regarding the updated pitch deck.
train_0044,"I'll send across the quotation spreadsheet tonight before midnight, promise.",COMMITMENT,personal_errands,easy,True,False,True,professional,synthetic_curated,Definite promise/undertaking involving the quotation spreadsheet.
train_0045,"Vikram, kindly make sure the client proposal is uploaded by Wednesday end of day.",NON_COMMITMENT,operations,medium,True,False,False,formal_email,synthetic_curated,Directive instructing someone else to perform a task.
train_0046,Our current sprint contains 34 story points with 5 days remaining.,NON_COMMITMENT,project,easy,False,False,False,professional,synthetic_curated,Sprint status fact
train_0047,Please send me the wireframes for checkout by end of day tomorrow if possible.,NON_COMMITMENT,sales_client,easy,True,False,False,professional,synthetic_curated,Imperative request to another party without mutual commitment.
train_0048,I promise to send the financial forecast.,COMMITMENT,operations,easy,False,False,True,professional,synthetic_curated,Explicit promissory statement committing speaker to send the financial forecast.
train_0049,Spoke with Vikram; they confirmed they are handling the pricing calculator and will send it by tomorrow at 10 AM.,COMMITMENT,operations,medium,True,False,True,informal_chat,synthetic_curated,Confirmed delegated undertaking on behalf of Vikram.
train_0050,I might check the quarterly OKR summary if I get some free time.,NON_COMMITMENT,engineering,hard,False,True,True,informal_chat,synthetic_curated,"Tentative possibility ('might') conditional on free time, not a binding commitment."
train_0051,I'm going to take ownership of the bug fix patch and deliver it by tomorrow at 10 AM.,COMMITMENT,project,easy,True,False,True,professional,synthetic_curated,Definite promise/undertaking involving the bug fix patch.
train_0052,Rahul will email the wireframes for checkout first thing Monday morning.,COMMITMENT,project,medium,True,False,True,professional,synthetic_curated,Delegated commitment assigning ownership of the wireframes for checkout to Rahul.
train_0053,Please rest assured that our team will deliver the comprehensive audit report by end of business Thursday.,COMMITMENT,executive,easy,True,False,True,formal_email,synthetic_curated,Formal business commitment with explicit timeline and deliverable.
train_0054,"I'll send across the quarterly OKR summary first thing Monday morning, promise.",COMMITMENT,personal_errands,easy,True,False,True,professional,synthetic_curated,Definite promise/undertaking involving the quarterly OKR summary.
train_0055,"Count me in for the invoice breakdown, I will finish it before 5 PM today.",COMMITMENT,academic_student,medium,True,False,True,informal_chat,synthetic_curated,Definite promise/undertaking involving the invoice breakdown.
train_0056,I will follow up with the vendor regarding the API documentation before the sprint review tomorrow.,COMMITMENT,operations,easy,True,False,True,professional,synthetic_curated,Definite promise/undertaking involving the API documentation.
train_0057,"Elena: Hey, did anyone write the lab report for experiment 4?
Alex: Not yet, everyone is busy with midterms.
Elena: Okay, I'll write the intro and methodology tonight and upload it to the drive.
Alex: Lifesaver!",COMMITMENT,academic_student,hard,True,False,True,multi_message_messy,synthetic_curated,Messy dialogue containing firm commitment clause: 'I'll write the intro and methodology tonight and upload it to the drive'.
train_0058,I'll upload the client proposal before the sprint review tomorrow.,COMMITMENT,project,easy,True,False,True,professional,synthetic_curated,Explicit first-person commitment to upload deliverable with concrete deadline.
train_0059,"If any blocker arises with the release candidate build, I'll notify the channel immediately.",COMMITMENT,engineering,hard,False,True,True,professional,synthetic_curated,Definite promise/undertaking involving the release candidate build.
train_0060,I'll get Alex to sign off on the quarterly OKR summary first thing Monday morning.,COMMITMENT,executive,medium,True,False,True,professional,synthetic_curated,Definite promise/undertaking involving the quarterly OKR summary.
train_0061,I'll personally verify the sprint retrospective notes before we ship the release within the next two hours.,COMMITMENT,engineering,easy,True,False,True,professional,synthetic_curated,Definite promise/undertaking involving the sprint retrospective notes.
train_0062,Please ensure that the architecture diagram follows the new formatting guidelines.,NON_COMMITMENT,sales_client,easy,False,False,False,professional,synthetic_curated,Non-commitment statement regarding the architecture diagram.
train_0063,I'll double check the figures for the project timeline tonight.,COMMITMENT,sales_client,easy,True,False,True,professional,synthetic_curated,Definite promise/undertaking involving the project timeline.
train_0064,Please ensure that the revised contract draft follows the new formatting guidelines.,NON_COMMITMENT,sales_client,easy,False,False,False,professional,synthetic_curated,Non-commitment statement regarding the revised contract draft.
train_0065,Could you please review the customer refund request when you have a moment?,NON_COMMITMENT,engineering,easy,True,False,False,professional,synthetic_curated,Non-commitment statement regarding the customer refund request.
train_0066,Please ensure that the release candidate build follows the new formatting guidelines.,NON_COMMITMENT,sales_client,easy,False,False,False,professional,synthetic_curated,Non-commitment statement regarding the release candidate build.
train_0067,I think the user interview transcripts was already approved by Neha.,NON_COMMITMENT,operations,medium,False,False,False,professional,synthetic_curated,Non-commitment statement regarding the user interview transcripts.
train_0068,Spoke with Neha; they confirmed they are handling the meeting minutes and will send it by 3 PM this afternoon.,COMMITMENT,operations,medium,True,False,True,informal_chat,synthetic_curated,Confirmed delegated undertaking on behalf of Neha.
train_0069,David will draft the sprint retrospective notes before the client meeting starts.,COMMITMENT,project,medium,True,False,True,professional,synthetic_curated,Delegated commitment assigning ownership of the sprint retrospective notes to David.
train_0070,I wonder if Alex has looked at the quarterly OKR summary yet.,NON_COMMITMENT,project,medium,False,False,False,professional,synthetic_curated,Non-commitment statement regarding the quarterly OKR summary.
train_0071,I'll double check the figures for the quotation spreadsheet tonight.,COMMITMENT,sales_client,easy,True,False,True,professional,synthetic_curated,Definite promise/undertaking involving the quotation spreadsheet.
train_0072,Did Arjun already finish the revised contract draft?,NON_COMMITMENT,project,easy,False,False,False,professional,synthetic_curated,Status question about past action.
train_0073,"Count me in for the user interview transcripts, I will finish it within the next two hours.",COMMITMENT,academic_student,medium,True,False,True,informal_chat,synthetic_curated,Definite promise/undertaking involving the user interview transcripts.
train_0074,I will make sure Neha receives the the unit test suite by 3 PM this afternoon.,COMMITMENT,project,medium,True,False,True,professional,synthetic_curated,Definite promise/undertaking involving the unit test suite.
train_0075,I'll handle the paperwork for the staging deployment over the weekend.,COMMITMENT,operations,easy,True,False,True,professional,synthetic_curated,Definite promise/undertaking involving the staging deployment.
train_0076,I'll prepare the architecture diagram tonight before midnight.,COMMITMENT,engineering,easy,True,False,True,professional,synthetic_curated,Explicit first-person commitment to prepare deliverable with concrete deadline.
train_0077,"Awesome, thanks! 👍",NON_COMMITMENT,academic_student,easy,False,False,False,informal_chat,synthetic_curated,Brief conversational confirmation
train_0078,Neha will email the financial forecast first thing Monday morning.,COMMITMENT,project,medium,True,False,True,professional,synthetic_curated,Delegated commitment assigning ownership of the financial forecast to Neha.
train_0079,We might want to revisit the security audit findings next quarter.,NON_COMMITMENT,executive,medium,False,False,False,professional,synthetic_curated,Non-commitment statement regarding the security audit findings.
train_0080,Can we discuss the user interview transcripts during our 1-on-1 meeting?,NON_COMMITMENT,project,easy,False,False,False,professional,synthetic_curated,Non-commitment statement regarding the user interview transcripts.
train_0081,It would be great if someone could take a look at the wireframes for checkout.,NON_COMMITMENT,engineering,hard,False,False,False,professional,synthetic_curated,Non-commitment statement regarding the wireframes for checkout.
train_0082,I will follow up with the vendor regarding the bug fix patch by tomorrow at 10 AM.,COMMITMENT,operations,easy,True,False,True,professional,synthetic_curated,Definite promise/undertaking involving the bug fix patch.
train_0083,I'm going to take ownership of the quarterly OKR summary and deliver it first thing Monday morning.,COMMITMENT,project,easy,True,False,True,professional,synthetic_curated,Definite promise/undertaking involving the quarterly OKR summary.
train_0084,"In my opinion, the security audit findings needs a complete redesign.",NON_COMMITMENT,engineering,easy,False,False,False,professional,synthetic_curated,Subjective opinion regarding quality.
train_0085,I'll draft the pricing calculator within the next two hours.,COMMITMENT,project,easy,True,False,True,professional,synthetic_curated,Explicit first-person commitment to draft deliverable with concrete deadline.
train_0086,Rahul and Priya attended the design review yesterday afternoon.,NON_COMMITMENT,project,easy,False,False,False,professional,synthetic_curated,Past event summary
train_0087,It would be great if someone could take a look at the quarterly OKR summary.,NON_COMMITMENT,engineering,hard,False,False,False,professional,synthetic_curated,Non-commitment statement regarding the quarterly OKR summary.
train_0088,The contract includes a standard 30-day cancellation clause.,NON_COMMITMENT,sales_client,easy,False,False,False,professional,synthetic_curated,Contractual statement of fact
train_0089,We should probably finalize the security audit findings by 3 PM this afternoon.,NON_COMMITMENT,project,medium,True,False,False,professional,synthetic_curated,Advisory suggestion / opinion ('should probably') without personal undertaking.
train_0090,We will deliver the architecture diagram to your team by Friday noon.,COMMITMENT,sales_client,easy,True,False,True,professional,synthetic_curated,Definite promise/undertaking involving the architecture diagram.
train_0091,It would be great if someone could take a look at the API documentation.,NON_COMMITMENT,engineering,hard,False,False,False,professional,synthetic_curated,Non-commitment statement regarding the API documentation.
train_0092,I will upload the latest version of the user interview transcripts to Google Drive within the next two hours.,COMMITMENT,project,easy,True,False,True,professional,synthetic_curated,Definite promise/undertaking involving the user interview transcripts.
train_0093,"If any blocker arises with the slide deck for tomorrow's demo, I'll notify the channel immediately.",COMMITMENT,engineering,hard,False,True,True,professional,synthetic_curated,Definite promise/undertaking involving the slide deck for tomorrow's demo.
train_0094,"Sounds good to me, see you all in the meeting room in five minutes.",NON_COMMITMENT,project,easy,False,False,False,informal_chat,synthetic_curated,Meeting transition acknowledgment
train_0095,Why was the security audit findings not updated in the shared folder?,NON_COMMITMENT,operations,easy,False,False,False,professional,synthetic_curated,Non-commitment statement regarding the security audit findings.
train_0096,We might want to revisit the staging deployment next quarter.,NON_COMMITMENT,executive,medium,False,False,False,professional,synthetic_curated,Non-commitment statement regarding the staging deployment.
train_0097,I think the bug fix patch was already approved by Vikram.,NON_COMMITMENT,operations,medium,False,False,False,professional,synthetic_curated,Non-commitment statement regarding the bug fix patch.
train_0098,We will deliver the code review comments to your team over the weekend.,COMMITMENT,sales_client,easy,True,False,True,professional,synthetic_curated,Definite promise/undertaking involving the code review comments.
train_0099,"Happy Friday everyone, have a wonderful weekend!",NON_COMMITMENT,operations,easy,False,False,False,informal_chat,synthetic_curated,Weekend greeting
train_0100,I'm thinking about working on the revised contract draft before the client meeting starts.,NON_COMMITMENT,project,hard,True,False,True,informal_chat,synthetic_curated,Weak intention ('thinking about') lacks promissory undertaking.
train_0101,I'll share the bug fix patch before the client meeting starts.,COMMITMENT,engineering,easy,True,False,True,professional,synthetic_curated,Explicit first-person commitment to share deliverable with concrete deadline.
train_0102,Is the API documentation expected to be completed before the sprint review tomorrow?,NON_COMMITMENT,project,easy,True,False,False,professional,synthetic_curated,Non-commitment statement regarding the API documentation.
train_0103,Arjun will prepare the security audit findings by Friday noon.,COMMITMENT,project,medium,True,False,True,professional,synthetic_curated,Delegated commitment assigning ownership of the security audit findings to Arjun.
train_0104,"Count me in for the pricing calculator, I will finish it before the client meeting starts.",COMMITMENT,academic_student,medium,True,False,True,informal_chat,synthetic_curated,Definite promise/undertaking involving the pricing calculator.
train_0105,I wonder if Rohan has looked at the code review comments yet.,NON_COMMITMENT,project,medium,False,False,False,professional,synthetic_curated,Non-commitment statement regarding the code review comments.
train_0106,"Rahul: Did you see the updated Figma links?
Priya: Yes, looking at them now.
Rahul: The mobile layout looks a bit cramped.
Priya: Agreed, let's bring it up in tomorrow's design critique.",NON_COMMITMENT,project,hard,False,False,False,multi_message_messy,synthetic_curated,Messy dialogue containing Discussion evaluating design without actionable promise.
train_0107,Who is responsible for preparing the code review comments?,NON_COMMITMENT,operations,easy,False,False,False,professional,synthetic_curated,Informational inquiry regarding responsibility.
train_0108,I might check the unit test suite if I get some free time.,NON_COMMITMENT,engineering,hard,False,True,True,informal_chat,synthetic_curated,"Tentative possibility ('might') conditional on free time, not a binding commitment."
train_0109,Is the unit test suite expected to be completed by 3 PM this afternoon?,NON_COMMITMENT,project,easy,True,False,False,professional,synthetic_curated,Non-commitment statement regarding the unit test suite.
train_0110,I am writing to confirm that I will personally oversee the deployment and ensure the hotfix is live by 6 AM tomorrow.,COMMITMENT,executive,easy,True,False,True,formal_email,synthetic_curated,Formal business commitment with explicit timeline and deliverable.
train_0111,Who is responsible for preparing the architecture diagram?,NON_COMMITMENT,operations,easy,False,False,False,professional,synthetic_curated,Informational inquiry regarding responsibility.
train_0112,It would be great if someone could take a look at the architecture diagram.,NON_COMMITMENT,engineering,hard,False,False,False,professional,synthetic_curated,Non-commitment statement regarding the architecture diagram.
train_0113,Can we discuss the quarterly OKR summary during our 1-on-1 meeting?,NON_COMMITMENT,project,easy,False,False,False,professional,synthetic_curated,Non-commitment statement regarding the quarterly OKR summary.
train_0114,It would be great if someone could take a look at the slide deck for tomorrow's demo.,NON_COMMITMENT,engineering,hard,False,False,False,professional,synthetic_curated,Non-commitment statement regarding the slide deck for tomorrow's demo.
train_0115,I'll handle the paperwork for the quotation spreadsheet tonight before midnight.,COMMITMENT,operations,easy,True,False,True,professional,synthetic_curated,Definite promise/undertaking involving the quotation spreadsheet.
train_0116,I will make sure Priya receives the the revised contract draft before the sprint review tomorrow.,COMMITMENT,project,medium,True,False,True,professional,synthetic_curated,Definite promise/undertaking involving the revised contract draft.
train_0117,"Assuming Arjun finishes reviewing the PR, I will deploy the client proposal tonight before midnight.",COMMITMENT,engineering,medium,True,True,True,professional,synthetic_curated,Conditional commitment triggered upon condition fulfillment.
train_0118,I'm going to take ownership of the invoice breakdown and deliver it before 5 PM today.,COMMITMENT,project,easy,True,False,True,professional,synthetic_curated,Definite promise/undertaking involving the invoice breakdown.
train_0119,I will make sure Marcus receives the the meeting minutes by Friday noon.,COMMITMENT,project,medium,True,False,True,professional,synthetic_curated,Definite promise/undertaking involving the meeting minutes.
train_0120,We should probably finalize the updated pitch deck by Friday noon.,NON_COMMITMENT,project,medium,True,False,False,professional,synthetic_curated,Advisory suggestion / opinion ('should probably') without personal undertaking.
train_0121,Please ensure that the API documentation follows the new formatting guidelines.,NON_COMMITMENT,sales_client,easy,False,False,False,professional,synthetic_curated,Non-commitment statement regarding the API documentation.
train_0122,"Rest assured, I'll investigate the revised contract draft and report back before the sprint review tomorrow.",COMMITMENT,engineering,easy,True,False,True,professional,synthetic_curated,Definite promise/undertaking involving the revised contract draft.
train_0123,Is the invoice breakdown expected to be completed before 5 PM today?,NON_COMMITMENT,project,easy,True,False,False,professional,synthetic_curated,Non-commitment statement regarding the invoice breakdown.
train_0124,"Further to our telephone discussion, I will forward the executed partnership agreement to your office by Monday morning.",COMMITMENT,executive,easy,True,False,True,formal_email,synthetic_curated,Formal business commitment with explicit timeline and deliverable.
train_0125,I'll submit the quotation spreadsheet first thing Monday morning.,COMMITMENT,project,easy,True,False,True,professional,synthetic_curated,Explicit first-person commitment to submit deliverable with concrete deadline.
train_0126,"If you can confirm the numbers, Elena and I will draft the staging deployment.",COMMITMENT,executive,hard,False,True,True,formal_email,synthetic_curated,Joint conditional commitment tied to user confirmation.
train_0127,I will make sure Rohan receives the the sprint retrospective notes within the next two hours.,COMMITMENT,project,medium,True,False,True,professional,synthetic_curated,Definite promise/undertaking involving the sprint retrospective notes.
train_0128,I'll email the quarterly OKR summary by end of day tomorrow.,COMMITMENT,engineering,easy,True,False,True,professional,synthetic_curated,Explicit first-person commitment to email deliverable with concrete deadline.
train_0129,I wonder if Sneha has looked at the invoice breakdown yet.,NON_COMMITMENT,project,medium,False,False,False,professional,synthetic_curated,Non-commitment statement regarding the invoice breakdown.
train_0130,Is the quarterly OKR summary expected to be completed first thing Monday morning?,NON_COMMITMENT,project,easy,True,False,False,professional,synthetic_curated,Non-commitment statement regarding the quarterly OKR summary.
train_0131,I'll personally verify the slide deck for tomorrow's demo before we ship the release by tomorrow at 10 AM.,COMMITMENT,engineering,easy,True,False,True,professional,synthetic_curated,Definite promise/undertaking involving the slide deck for tomorrow's demo.
train_0132,I hope to finish the revised contract draft soon.,NON_COMMITMENT,operations,hard,False,False,True,professional,synthetic_curated,Aspirational statement ('hope to') without commitment guarantee.
train_0133,Could you please review the quarterly OKR summary when you have a moment?,NON_COMMITMENT,engineering,easy,True,False,False,professional,synthetic_curated,Non-commitment statement regarding the quarterly OKR summary.
train_0134,Is the sprint retrospective notes expected to be completed within the next two hours?,NON_COMMITMENT,project,easy,True,False,False,professional,synthetic_curated,Non-commitment statement regarding the sprint retrospective notes.
train_0135,I'll handle the paperwork for the quarterly OKR summary first thing Monday morning.,COMMITMENT,operations,easy,True,False,True,professional,synthetic_curated,Definite promise/undertaking involving the quarterly OKR summary.
train_0136,Please ensure that the user interview transcripts follows the new formatting guidelines.,NON_COMMITMENT,sales_client,easy,False,False,False,professional,synthetic_curated,Non-commitment statement regarding the user interview transcripts.
train_0137,I might check the sprint retrospective notes if I get some free time.,NON_COMMITMENT,engineering,hard,False,True,True,informal_chat,synthetic_curated,"Tentative possibility ('might') conditional on free time, not a binding commitment."
train_0138,Who is responsible for preparing the project timeline?,NON_COMMITMENT,operations,easy,False,False,False,professional,synthetic_curated,Informational inquiry regarding responsibility.
train_0139,"I'll send across the code review comments over the weekend, promise.",COMMITMENT,personal_errands,easy,True,False,True,professional,synthetic_curated,Definite promise/undertaking involving the code review comments.
train_0140,I'll handle the paperwork for the customer refund request before 5 PM today.,COMMITMENT,operations,easy,True,False,True,professional,synthetic_curated,Definite promise/undertaking involving the customer refund request.
train_0141,Can you send the user interview transcripts by Wednesday end of day?,NON_COMMITMENT,project,easy,True,False,False,professional,synthetic_curated,Request/question asking recipient; speaker does not make a commitment.
train_0142,It would be great if someone could take a look at the code review comments.,NON_COMMITMENT,engineering,hard,False,False,False,professional,synthetic_curated,Non-commitment statement regarding the code review comments.
train_0143,I promise to deliver the user interview transcripts.,COMMITMENT,sales_client,easy,False,False,True,professional,synthetic_curated,Explicit promissory statement committing speaker to deliver the user interview transcripts.
train_0144,I will upload the latest version of the invoice breakdown to Google Drive before 5 PM today.,COMMITMENT,project,easy,True,False,True,professional,synthetic_curated,Definite promise/undertaking involving the invoice breakdown.
train_0145,I will make sure Rohan receives the the code review comments over the weekend.,COMMITMENT,project,medium,True,False,True,professional,synthetic_curated,Definite promise/undertaking involving the code review comments.
train_0146,Is the updated pitch deck expected to be completed first thing Monday morning?,NON_COMMITMENT,project,easy,True,False,False,professional,synthetic_curated,Non-commitment statement regarding the updated pitch deck.
train_0147,I will follow up with the vendor regarding the financial forecast by end of day tomorrow.,COMMITMENT,operations,easy,True,False,True,professional,synthetic_curated,Definite promise/undertaking involving the financial forecast.
train_0148,Who is responsible for preparing the slide deck for tomorrow's demo?,NON_COMMITMENT,operations,easy,False,False,False,professional,synthetic_curated,Informational inquiry regarding responsibility.
train_0149,"If you can confirm the numbers, David and I will deliver the bug fix patch.",COMMITMENT,executive,hard,False,True,True,formal_email,synthetic_curated,Joint conditional commitment tied to user confirmation.
train_0150,I wonder if Arjun has looked at the architecture diagram yet.,NON_COMMITMENT,project,medium,False,False,False,professional,synthetic_curated,Non-commitment statement regarding the architecture diagram.
train_0151,Is the security audit findings expected to be completed tonight before midnight?,NON_COMMITMENT,project,easy,True,False,False,professional,synthetic_curated,Non-commitment statement regarding the security audit findings.
train_0152,Is the wireframes for checkout expected to be completed by end of day tomorrow?,NON_COMMITMENT,project,easy,True,False,False,professional,synthetic_curated,Non-commitment statement regarding the wireframes for checkout.
train_0153,I'm going to take ownership of the architecture diagram and deliver it by Friday noon.,COMMITMENT,project,easy,True,False,True,professional,synthetic_curated,Definite promise/undertaking involving the architecture diagram.
train_0154,Who is responsible for preparing the user interview transcripts?,NON_COMMITMENT,operations,easy,False,False,False,professional,synthetic_curated,Informational inquiry regarding responsibility.
train_0155,We will deliver the wireframes for checkout to your team by end of day tomorrow.,COMMITMENT,sales_client,easy,True,False,True,professional,synthetic_curated,Definite promise/undertaking involving the wireframes for checkout.
train_0156,I'll personally verify the client proposal before we ship the release by Wednesday end of day.,COMMITMENT,engineering,easy,True,False,True,professional,synthetic_curated,Definite promise/undertaking involving the client proposal.
train_0157,Could you please review the sprint retrospective notes when you have a moment?,NON_COMMITMENT,engineering,easy,True,False,False,professional,synthetic_curated,Non-commitment statement regarding the sprint retrospective notes.
train_0158,Who is responsible for preparing the quarterly OKR summary?,NON_COMMITMENT,operations,easy,False,False,False,professional,synthetic_curated,Informational inquiry regarding responsibility.
train_0159,I wonder if Priya has looked at the revised contract draft yet.,NON_COMMITMENT,project,medium,False,False,False,professional,synthetic_curated,Non-commitment statement regarding the revised contract draft.
train_0160,I think the sprint retrospective notes was already approved by Rohan.,NON_COMMITMENT,operations,medium,False,False,False,professional,synthetic_curated,Non-commitment statement regarding the sprint retrospective notes.
train_0161,"If any blocker arises with the invoice breakdown, I'll notify the channel immediately.",COMMITMENT,engineering,hard,False,True,True,professional,synthetic_curated,Definite promise/undertaking involving the invoice breakdown.
train_0162,We might want to revisit the project timeline next quarter.,NON_COMMITMENT,executive,medium,False,False,False,professional,synthetic_curated,Non-commitment statement regarding the project timeline.
train_0163,I might check the quotation spreadsheet if I get some free time.,NON_COMMITMENT,engineering,hard,False,True,True,informal_chat,synthetic_curated,"Tentative possibility ('might') conditional on free time, not a binding commitment."
train_0164,Is the project timeline expected to be completed by 3 PM this afternoon?,NON_COMMITMENT,project,easy,True,False,False,professional,synthetic_curated,Non-commitment statement regarding the project timeline.
train_0165,Please ensure that the quarterly OKR summary follows the new formatting guidelines.,NON_COMMITMENT,sales_client,easy,False,False,False,professional,synthetic_curated,Non-commitment statement regarding the quarterly OKR summary.
train_0166,I'll personally verify the code review comments before we ship the release over the weekend.,COMMITMENT,engineering,easy,True,False,True,professional,synthetic_curated,Definite promise/undertaking involving the code review comments.
train_0167,I'm going to take ownership of the updated pitch deck and deliver it first thing Monday morning.,COMMITMENT,project,easy,True,False,True,professional,synthetic_curated,Definite promise/undertaking involving the updated pitch deck.
train_0168,We might want to revisit the release candidate build next quarter.,NON_COMMITMENT,executive,medium,False,False,False,professional,synthetic_curated,Non-commitment statement regarding the release candidate build.
train_0169,We should probably finalize the wireframes for checkout tonight before midnight.,NON_COMMITMENT,project,medium,True,False,False,professional,synthetic_curated,Advisory suggestion / opinion ('should probably') without personal undertaking.
train_0170,I'll write the code review comments by tomorrow at 10 AM.,COMMITMENT,project,easy,True,False,True,professional,synthetic_curated,Explicit first-person commitment to write deliverable with concrete deadline.
train_0171,I am going to email the quarterly OKR summary by end of day tomorrow without fail.,COMMITMENT,engineering,easy,True,False,True,professional,synthetic_curated,Direct undertaking with affirmative emphasis and deadline.
train_0172,I will make sure Arjun receives the the release candidate build by Wednesday end of day.,COMMITMENT,project,medium,True,False,True,professional,synthetic_curated,Definite promise/undertaking involving the release candidate build.
train_0173,Last week's revenue exceeded the initial target by roughly twelve percent.,NON_COMMITMENT,executive,easy,False,False,False,professional,synthetic_curated,Historical financial performance statement
train_0174,I will not be able to attend the project sync tomorrow morning.,NON_COMMITMENT,project,hard,True,False,True,professional,synthetic_curated,Explicit refusal / non-commitment statement stating inability to commit.
train_0175,I might check the client proposal if I get some free time.,NON_COMMITMENT,engineering,hard,False,True,True,informal_chat,synthetic_curated,"Tentative possibility ('might') conditional on free time, not a binding commitment."
train_0176,Please ensure that the client proposal follows the new formatting guidelines.,NON_COMMITMENT,sales_client,easy,False,False,False,professional,synthetic_curated,Non-commitment statement regarding the client proposal.
train_0177,Could you please review the staging deployment when you have a moment?,NON_COMMITMENT,engineering,easy,True,False,False,professional,synthetic_curated,Non-commitment statement regarding the staging deployment.
train_0178,I hope to finish the release candidate build soon.,NON_COMMITMENT,operations,hard,False,False,True,professional,synthetic_curated,Aspirational statement ('hope to') without commitment guarantee.
train_0179,I will follow up with the vendor regarding the client proposal by Wednesday end of day.,COMMITMENT,operations,easy,True,False,True,professional,synthetic_curated,Definite promise/undertaking involving the client proposal.
train_0180,Please ensure that the staging deployment follows the new formatting guidelines.,NON_COMMITMENT,sales_client,easy,False,False,False,professional,synthetic_curated,Non-commitment statement regarding the staging deployment.
train_0181,I will set up the Supabase instance right after dinner.,COMMITMENT,academic_student,medium,True,False,True,informal_chat,synthetic_curated,Informal peer dialogue containing clear intent and action commitment.
train_0182,"In my opinion, the financial forecast needs a complete redesign.",NON_COMMITMENT,engineering,easy,False,False,False,professional,synthetic_curated,Subjective opinion regarding quality.
train_0183,Spoke with Chen; they confirmed they are handling the staging deployment and will send it before 5 PM today.,COMMITMENT,operations,medium,True,False,True,informal_chat,synthetic_curated,Confirmed delegated undertaking on behalf of Chen.
train_0184,I am going to share the slide deck for tomorrow's demo before the client meeting starts without fail.,COMMITMENT,engineering,easy,True,False,True,professional,synthetic_curated,Direct undertaking with affirmative emphasis and deadline.
train_0185,"Count me in for the quotation spreadsheet, I will finish it tonight before midnight.",COMMITMENT,academic_student,medium,True,False,True,informal_chat,synthetic_curated,Definite promise/undertaking involving the quotation spreadsheet.
train_0186,Why was the slide deck for tomorrow's demo not updated in the shared folder?,NON_COMMITMENT,operations,easy,False,False,False,professional,synthetic_curated,Non-commitment statement regarding the slide deck for tomorrow's demo.
train_0187,Can we discuss the unit test suite during our 1-on-1 meeting?,NON_COMMITMENT,project,easy,False,False,False,professional,synthetic_curated,Non-commitment statement regarding the unit test suite.
train_0188,I promise to submit the quotation spreadsheet.,COMMITMENT,operations,easy,False,False,True,professional,synthetic_curated,Explicit promissory statement committing speaker to submit the quotation spreadsheet.
train_0189,I'll take care of submitting our project on Devpost before the 11:59 PM deadline.,COMMITMENT,academic_student,medium,True,False,True,informal_chat,synthetic_curated,Informal peer dialogue containing clear intent and action commitment.
train_0190,I'm thinking about working on the unit test suite within the next two hours.,NON_COMMITMENT,project,hard,True,False,True,informal_chat,synthetic_curated,Weak intention ('thinking about') lacks promissory undertaking.
train_0191,Could you please review the quotation spreadsheet when you have a moment?,NON_COMMITMENT,engineering,easy,True,False,False,professional,synthetic_curated,Non-commitment statement regarding the quotation spreadsheet.
train_0192,"Marcus: What is the current runway estimate from the audit?
Chen: Roughly 14 months at current burn rate.
Marcus: That gives us enough time for the Series B.
Chen: Exactly.",NON_COMMITMENT,executive,hard,False,False,False,multi_message_messy,synthetic_curated,Messy dialogue containing Financial status conversation without action undertaking.
train_0193,"Count me in for the revised contract draft, I will finish it before the sprint review tomorrow.",COMMITMENT,academic_student,medium,True,False,True,informal_chat,synthetic_curated,Definite promise/undertaking involving the revised contract draft.
train_0194,I'm thinking about working on the project timeline within the next two hours.,NON_COMMITMENT,project,hard,True,False,True,informal_chat,synthetic_curated,Weak intention ('thinking about') lacks promissory undertaking.
train_0195,I will make sure Vikram receives the the bug fix patch by tomorrow at 10 AM.,COMMITMENT,project,medium,True,False,True,professional,synthetic_curated,Definite promise/undertaking involving the bug fix patch.
train_0196,"In my opinion, the API documentation needs a complete redesign.",NON_COMMITMENT,engineering,easy,False,False,False,professional,synthetic_curated,Subjective opinion regarding quality.
train_0197,I promise to upload the client proposal.,COMMITMENT,operations,easy,False,False,True,professional,synthetic_curated,Explicit promissory statement committing speaker to upload the client proposal.
train_0198,Spoke with Rohan; they confirmed they are handling the release candidate build and will send it within the next two hours.,COMMITMENT,operations,medium,True,False,True,informal_chat,synthetic_curated,Confirmed delegated undertaking on behalf of Rohan.
train_0199,"If any blocker arises with the pricing calculator, I'll notify the channel immediately.",COMMITMENT,engineering,hard,False,True,True,professional,synthetic_curated,Definite promise/undertaking involving the pricing calculator.
train_0200,"I'll send across the architecture diagram by Friday noon, promise.",COMMITMENT,personal_errands,easy,True,False,True,professional,synthetic_curated,Definite promise/undertaking involving the architecture diagram.
train_0201,I'm thinking about working on the bug fix patch by end of day tomorrow.,NON_COMMITMENT,project,hard,True,False,True,informal_chat,synthetic_curated,Weak intention ('thinking about') lacks promissory undertaking.
train_0202,"David, kindly make sure the invoice breakdown is uploaded before 5 PM today.",NON_COMMITMENT,operations,medium,True,False,False,formal_email,synthetic_curated,Directive instructing someone else to perform a task.
train_0203,I think the revised contract draft was already approved by Priya.,NON_COMMITMENT,operations,medium,False,False,False,professional,synthetic_curated,Non-commitment statement regarding the revised contract draft.
train_0204,Did Chen already finish the quarterly OKR summary?,NON_COMMITMENT,project,easy,False,False,False,professional,synthetic_curated,Status question about past action.
train_0205,Why was the pricing calculator not updated in the shared folder?,NON_COMMITMENT,operations,easy,False,False,False,professional,synthetic_curated,Non-commitment statement regarding the pricing calculator.
train_0206,We should probably finalize the unit test suite by Wednesday end of day.,NON_COMMITMENT,project,medium,True,False,False,professional,synthetic_curated,Advisory suggestion / opinion ('should probably') without personal undertaking.
train_0207,I promise to share the slide deck for tomorrow's demo.,COMMITMENT,sales_client,easy,False,False,True,professional,synthetic_curated,Explicit promissory statement committing speaker to share the slide deck for tomorrow's demo.
train_0208,I wonder if Chen has looked at the security audit findings yet.,NON_COMMITMENT,project,medium,False,False,False,professional,synthetic_curated,Non-commitment statement regarding the security audit findings.
train_0209,I wonder if Ananya has looked at the slide deck for tomorrow's demo yet.,NON_COMMITMENT,project,medium,False,False,False,professional,synthetic_curated,Non-commitment statement regarding the slide deck for tomorrow's demo.
train_0210,Did Ananya already finish the API documentation?,NON_COMMITMENT,project,easy,False,False,False,professional,synthetic_curated,Status question about past action.
train_0211,Did Kavya already finish the bug fix patch?,NON_COMMITMENT,project,easy,False,False,False,professional,synthetic_curated,Status question about past action.
train_0212,Kindly note that I will compile and transmit the monthly reconciliation report by tomorrow afternoon.,COMMITMENT,executive,easy,True,False,True,formal_email,synthetic_curated,Formal business commitment with explicit timeline and deliverable.
train_0213,I'll write the staging deployment by tomorrow at 10 AM.,COMMITMENT,project,easy,True,False,True,professional,synthetic_curated,Explicit first-person commitment to write deliverable with concrete deadline.
train_0214,I'm not sure if the wireframes for checkout is ready for client review.,NON_COMMITMENT,sales_client,medium,False,False,False,professional,synthetic_curated,Non-commitment statement regarding the wireframes for checkout.
train_0215,"I'll send across the invoice breakdown before 5 PM today, promise.",COMMITMENT,personal_errands,easy,True,False,True,professional,synthetic_curated,Definite promise/undertaking involving the invoice breakdown.
train_0216,I'll personally verify the security audit findings before we ship the release tonight before midnight.,COMMITMENT,engineering,easy,True,False,True,professional,synthetic_curated,Definite promise/undertaking involving the security audit findings.
train_0217,We might want to revisit the wireframes for checkout next quarter.,NON_COMMITMENT,executive,medium,False,False,False,professional,synthetic_curated,Non-commitment statement regarding the wireframes for checkout.
train_0218,Who is responsible for preparing the financial forecast?,NON_COMMITMENT,operations,easy,False,False,False,professional,synthetic_curated,Informational inquiry regarding responsibility.
train_0219,I'll get Arjun to sign off on the release candidate build by Wednesday end of day.,COMMITMENT,executive,medium,True,False,True,professional,synthetic_curated,Definite promise/undertaking involving the release candidate build.
train_0220,Please send me the meeting minutes by Friday noon if possible.,NON_COMMITMENT,sales_client,easy,True,False,False,professional,synthetic_curated,Imperative request to another party without mutual commitment.
train_0221,I am going to upload the client proposal before the sprint review tomorrow without fail.,COMMITMENT,engineering,easy,True,False,True,professional,synthetic_curated,Direct undertaking with affirmative emphasis and deadline.
train_0222,We might want to revisit the sprint retrospective notes next quarter.,NON_COMMITMENT,executive,medium,False,False,False,professional,synthetic_curated,Non-commitment statement regarding the sprint retrospective notes.
train_0223,We will deliver the bug fix patch to your team by tomorrow at 10 AM.,COMMITMENT,sales_client,easy,True,False,True,professional,synthetic_curated,Definite promise/undertaking involving the bug fix patch.
train_0224,Can we discuss the security audit findings during our 1-on-1 meeting?,NON_COMMITMENT,project,easy,False,False,False,professional,synthetic_curated,Non-commitment statement regarding the security audit findings.
train_0225,It would be great if someone could take a look at the financial forecast.,NON_COMMITMENT,engineering,hard,False,False,False,professional,synthetic_curated,Non-commitment statement regarding the financial forecast.
train_0226,Please ensure that the pricing calculator follows the new formatting guidelines.,NON_COMMITMENT,sales_client,easy,False,False,False,professional,synthetic_curated,Non-commitment statement regarding the pricing calculator.
train_0227,We should probably finalize the invoice breakdown first thing Monday morning.,NON_COMMITMENT,project,medium,True,False,False,professional,synthetic_curated,Advisory suggestion / opinion ('should probably') without personal undertaking.
train_0228,Why was the user interview transcripts not updated in the shared folder?,NON_COMMITMENT,operations,easy,False,False,False,professional,synthetic_curated,Non-commitment statement regarding the user interview transcripts.
train_0229,I commit to finalizing the quotation spreadsheet as soon as we resolve the open discussion.,COMMITMENT,sales_client,medium,False,True,True,professional,synthetic_curated,Definite promise/undertaking involving the quotation spreadsheet.
train_0230,I am going to write the staging deployment by tomorrow at 10 AM without fail.,COMMITMENT,engineering,easy,True,False,True,professional,synthetic_curated,Direct undertaking with affirmative emphasis and deadline.
train_0231,I commit to finalizing the unit test suite as soon as we resolve the open discussion.,COMMITMENT,sales_client,medium,False,True,True,professional,synthetic_curated,Definite promise/undertaking involving the unit test suite.
train_0232,Can you send the code review comments by tomorrow at 10 AM?,NON_COMMITMENT,project,easy,True,False,False,professional,synthetic_curated,Request/question asking recipient; speaker does not make a commitment.
train_0233,I commit to finalizing the pricing calculator as soon as we resolve the open discussion.,COMMITMENT,sales_client,medium,False,True,True,professional,synthetic_curated,Definite promise/undertaking involving the pricing calculator.
train_0234,Spoke with Mayur; they confirmed they are handling the updated pitch deck and will send it tonight before midnight.,COMMITMENT,operations,medium,True,False,True,informal_chat,synthetic_curated,Confirmed delegated undertaking on behalf of Mayur.
train_0235,I'll handle the paperwork for the bug fix patch by tomorrow at 10 AM.,COMMITMENT,operations,easy,True,False,True,professional,synthetic_curated,Definite promise/undertaking involving the bug fix patch.
train_0236,"In my opinion, the release candidate build needs a complete redesign.",NON_COMMITMENT,engineering,easy,False,False,False,professional,synthetic_curated,Subjective opinion regarding quality.
train_0237,I'll personally verify the bug fix patch before we ship the release by tomorrow at 10 AM.,COMMITMENT,engineering,easy,True,False,True,professional,synthetic_curated,Definite promise/undertaking involving the bug fix patch.
train_0238,I will upload the latest version of the quarterly OKR summary to Google Drive first thing Monday morning.,COMMITMENT,project,easy,True,False,True,professional,synthetic_curated,Definite promise/undertaking involving the quarterly OKR summary.
train_0239,Can we discuss the architecture diagram during our 1-on-1 meeting?,NON_COMMITMENT,project,easy,False,False,False,professional,synthetic_curated,Non-commitment statement regarding the architecture diagram.
train_0240,I will make sure Alex receives the the quarterly OKR summary first thing Monday morning.,COMMITMENT,project,medium,True,False,True,professional,synthetic_curated,Definite promise/undertaking involving the quarterly OKR summary.
train_0241,We might want to revisit the meeting minutes next quarter.,NON_COMMITMENT,executive,medium,False,False,False,professional,synthetic_curated,Non-commitment statement regarding the meeting minutes.
train_0242,Please send me the release candidate build by Wednesday end of day if possible.,NON_COMMITMENT,sales_client,easy,True,False,False,professional,synthetic_curated,Imperative request to another party without mutual commitment.
train_0243,"Count me in for the client proposal, I will finish it by Wednesday end of day.",COMMITMENT,academic_student,medium,True,False,True,informal_chat,synthetic_curated,Definite promise/undertaking involving the client proposal.
train_0244,I will upload the latest version of the project timeline to Google Drive by 3 PM this afternoon.,COMMITMENT,project,easy,True,False,True,professional,synthetic_curated,Definite promise/undertaking involving the project timeline.
train_0245,Neha will deploy the meeting minutes by 3 PM this afternoon.,COMMITMENT,project,medium,True,False,True,professional,synthetic_curated,Delegated commitment assigning ownership of the meeting minutes to Neha.
train_0246,I'll get Ananya to sign off on the slide deck for tomorrow's demo by tomorrow at 10 AM.,COMMITMENT,executive,medium,True,False,True,professional,synthetic_curated,Definite promise/undertaking involving the slide deck for tomorrow's demo.
train_0247,I hope to finish the invoice breakdown soon.,NON_COMMITMENT,operations,hard,False,False,True,professional,synthetic_curated,Aspirational statement ('hope to') without commitment guarantee.
train_0248,We will deliver the staging deployment to your team over the weekend.,COMMITMENT,sales_client,easy,True,False,True,professional,synthetic_curated,Definite promise/undertaking involving the staging deployment.
train_0249,Did Priya already finish the updated pitch deck?,NON_COMMITMENT,project,easy,False,False,False,professional,synthetic_curated,Status question about past action.
train_0250,Please send me the code review comments over the weekend if possible.,NON_COMMITMENT,sales_client,easy,True,False,False,professional,synthetic_curated,Imperative request to another party without mutual commitment.
train_0251,I'm not sure if the customer refund request is ready for client review.,NON_COMMITMENT,sales_client,medium,False,False,False,professional,synthetic_curated,Non-commitment statement regarding the customer refund request.
train_0252,Mayur will finalize the project timeline before the sprint review tomorrow.,COMMITMENT,project,medium,True,False,True,professional,synthetic_curated,Delegated commitment assigning ownership of the project timeline to Mayur.
train_0253,I hope to finish the updated pitch deck soon.,NON_COMMITMENT,operations,hard,False,False,True,professional,synthetic_curated,Aspirational statement ('hope to') without commitment guarantee.
train_0254,"In my opinion, the code review comments needs a complete redesign.",NON_COMMITMENT,engineering,easy,False,False,False,professional,synthetic_curated,Subjective opinion regarding quality.
train_0255,Did Marcus already finish the security audit findings?,NON_COMMITMENT,project,easy,False,False,False,professional,synthetic_curated,Status question about past action.
train_0256,I'm not sure if the bug fix patch is ready for client review.,NON_COMMITMENT,sales_client,medium,False,False,False,professional,synthetic_curated,Non-commitment statement regarding the bug fix patch.
train_0257,I might check the code review comments if I get some free time.,NON_COMMITMENT,engineering,hard,False,True,True,informal_chat,synthetic_curated,"Tentative possibility ('might') conditional on free time, not a binding commitment."
train_0258,I'll get Priya to sign off on the quotation spreadsheet tonight before midnight.,COMMITMENT,executive,medium,True,False,True,professional,synthetic_curated,Definite promise/undertaking involving the quotation spreadsheet.
train_0259,"Rest assured, I'll investigate the code review comments and report back over the weekend.",COMMITMENT,engineering,easy,True,False,True,professional,synthetic_curated,Definite promise/undertaking involving the code review comments.
train_0260,I'm thinking about working on the API documentation before the client meeting starts.,NON_COMMITMENT,project,hard,True,False,True,informal_chat,synthetic_curated,Weak intention ('thinking about') lacks promissory undertaking.
train_0261,Can we discuss the bug fix patch during our 1-on-1 meeting?,NON_COMMITMENT,project,easy,False,False,False,professional,synthetic_curated,Non-commitment statement regarding the bug fix patch.
train_0262,I will follow up with the vendor regarding the quotation spreadsheet tonight before midnight.,COMMITMENT,operations,easy,True,False,True,professional,synthetic_curated,Definite promise/undertaking involving the quotation spreadsheet.
train_0263,We will deliver the updated pitch deck to your team first thing Monday morning.,COMMITMENT,sales_client,easy,True,False,True,professional,synthetic_curated,Definite promise/undertaking involving the updated pitch deck.
train_0264,Could you please review the client proposal when you have a moment?,NON_COMMITMENT,engineering,easy,True,False,False,professional,synthetic_curated,Non-commitment statement regarding the client proposal.
train_0265,Did Neha already finish the architecture diagram?,NON_COMMITMENT,project,easy,False,False,False,professional,synthetic_curated,Status question about past action.
train_0266,I think the quarterly OKR summary was already approved by Alex.,NON_COMMITMENT,operations,medium,False,False,False,professional,synthetic_curated,Non-commitment statement regarding the quarterly OKR summary.
train_0267,Mayur will submit the updated pitch deck tonight before midnight.,COMMITMENT,project,medium,True,False,True,professional,synthetic_curated,Delegated commitment assigning ownership of the updated pitch deck to Mayur.
train_0268,I'm going to take ownership of the pricing calculator and deliver it before the client meeting starts.,COMMITMENT,project,easy,True,False,True,professional,synthetic_curated,Definite promise/undertaking involving the pricing calculator.
train_0269,I wonder if Rahul has looked at the project timeline yet.,NON_COMMITMENT,project,medium,False,False,False,professional,synthetic_curated,Non-commitment statement regarding the project timeline.
train_0270,We commit to providing a revised statement of work incorporating your requested modifications by 5 PM tomorrow.,COMMITMENT,executive,easy,True,False,True,formal_email,synthetic_curated,Formal business commitment with explicit timeline and deliverable.
train_0271,I'm not sure if the staging deployment is ready for client review.,NON_COMMITMENT,sales_client,medium,False,False,False,professional,synthetic_curated,Non-commitment statement regarding the staging deployment.
train_0272,Who is responsible for preparing the revised contract draft?,NON_COMMITMENT,operations,easy,False,False,False,professional,synthetic_curated,Informational inquiry regarding responsibility.
train_0273,I commit to finalizing the sprint retrospective notes as soon as we resolve the open discussion.,COMMITMENT,sales_client,medium,False,True,True,professional,synthetic_curated,Definite promise/undertaking involving the sprint retrospective notes.
train_0274,I'm going to take ownership of the revised contract draft and deliver it before the sprint review tomorrow.,COMMITMENT,project,easy,True,False,True,professional,synthetic_curated,Definite promise/undertaking involving the revised contract draft.
train_0275,I'm not sure if the database migration script is ready for client review.,NON_COMMITMENT,sales_client,medium,False,False,False,professional,synthetic_curated,Non-commitment statement regarding the database migration script.
train_0276,It would be great if someone could take a look at the invoice breakdown.,NON_COMMITMENT,engineering,hard,False,False,False,professional,synthetic_curated,Non-commitment statement regarding the invoice breakdown.
train_0277,I'm going to take ownership of the financial forecast and deliver it by end of day tomorrow.,COMMITMENT,project,easy,True,False,True,professional,synthetic_curated,Definite promise/undertaking involving the financial forecast.
train_0278,Could you please review the database migration script when you have a moment?,NON_COMMITMENT,engineering,easy,True,False,False,professional,synthetic_curated,Non-commitment statement regarding the database migration script.
train_0279,Who is responsible for preparing the invoice breakdown?,NON_COMMITMENT,operations,easy,False,False,False,professional,synthetic_curated,Informational inquiry regarding responsibility.
train_0280,"In my opinion, the client proposal needs a complete redesign.",NON_COMMITMENT,engineering,easy,False,False,False,professional,synthetic_curated,Subjective opinion regarding quality.
train_0281,"If any blocker arises with the database migration script, I'll notify the channel immediately.",COMMITMENT,engineering,hard,False,True,True,professional,synthetic_curated,Definite promise/undertaking involving the database migration script.
train_0282,I will follow up with the vendor regarding the customer refund request before 5 PM today.,COMMITMENT,operations,easy,True,False,True,professional,synthetic_curated,Definite promise/undertaking involving the customer refund request.
train_0283,Can we discuss the staging deployment during our 1-on-1 meeting?,NON_COMMITMENT,project,easy,False,False,False,professional,synthetic_curated,Non-commitment statement regarding the staging deployment.
train_0284,I am going to send the wireframes for checkout before 5 PM today without fail.,COMMITMENT,engineering,easy,True,False,True,professional,synthetic_curated,Direct undertaking with affirmative emphasis and deadline.
train_0285,I will make sure David receives the the customer refund request before 5 PM today.,COMMITMENT,project,medium,True,False,True,professional,synthetic_curated,Definite promise/undertaking involving the customer refund request.
train_0286,"I'll send across the pricing calculator before the client meeting starts, promise.",COMMITMENT,personal_errands,easy,True,False,True,professional,synthetic_curated,Definite promise/undertaking involving the pricing calculator.
train_0287,I'll deliver the sprint retrospective notes by Wednesday end of day.,COMMITMENT,engineering,easy,True,False,True,professional,synthetic_curated,Explicit first-person commitment to deliver deliverable with concrete deadline.
train_0288,I'll handle the paperwork for the user interview transcripts within the next two hours.,COMMITMENT,operations,easy,True,False,True,professional,synthetic_curated,Definite promise/undertaking involving the user interview transcripts.
train_0289,I promise to email the updated pitch deck.,COMMITMENT,sales_client,easy,False,False,True,professional,synthetic_curated,Explicit promissory statement committing speaker to email the updated pitch deck.
train_0290,We should probably finalize the staging deployment by end of day tomorrow.,NON_COMMITMENT,project,medium,True,False,False,professional,synthetic_curated,Advisory suggestion / opinion ('should probably') without personal undertaking.
train_0291,Our team will not deploy any changes during the holiday freeze period.,NON_COMMITMENT,project,hard,True,False,True,professional,synthetic_curated,Explicit refusal / non-commitment statement stating inability to commit.
train_0292,It would be great if someone could take a look at the release candidate build.,NON_COMMITMENT,engineering,hard,False,False,False,professional,synthetic_curated,Non-commitment statement regarding the release candidate build.
train_0293,"If any blocker arises with the architecture diagram, I'll notify the channel immediately.",COMMITMENT,engineering,hard,False,True,True,professional,synthetic_curated,Definite promise/undertaking involving the architecture diagram.
train_0294,"I got this, will fix the Docker build tonight so we can test tomorrow.",COMMITMENT,academic_student,medium,True,False,True,informal_chat,synthetic_curated,Informal peer dialogue containing clear intent and action commitment.
train_0295,I wonder if Elena has looked at the wireframes for checkout yet.,NON_COMMITMENT,project,medium,False,False,False,professional,synthetic_curated,Non-commitment statement regarding the wireframes for checkout.
train_0296,Can you send the security audit findings first thing Monday morning?,NON_COMMITMENT,project,easy,True,False,False,professional,synthetic_curated,Request/question asking recipient; speaker does not make a commitment.
train_0297,I promise to send the wireframes for checkout.,COMMITMENT,operations,easy,False,False,True,professional,synthetic_curated,Explicit promissory statement committing speaker to send the wireframes for checkout.
train_0298,"Neha, kindly make sure the project timeline is uploaded by 3 PM this afternoon.",NON_COMMITMENT,operations,medium,True,False,False,formal_email,synthetic_curated,Directive instructing someone else to perform a task.
train_0299,I'll double check the figures for the updated pitch deck tonight.,COMMITMENT,sales_client,easy,True,False,True,professional,synthetic_curated,Definite promise/undertaking involving the updated pitch deck.
train_0300,"In my opinion, the slide deck for tomorrow's demo needs a complete redesign.",NON_COMMITMENT,engineering,easy,False,False,False,professional,synthetic_curated,Subjective opinion regarding quality.
train_0301,I will make sure Priya receives the the quotation spreadsheet tonight before midnight.,COMMITMENT,project,medium,True,False,True,professional,synthetic_curated,Definite promise/undertaking involving the quotation spreadsheet.
train_0302,I might check the meeting minutes if I get some free time.,NON_COMMITMENT,engineering,hard,False,True,True,informal_chat,synthetic_curated,"Tentative possibility ('might') conditional on free time, not a binding commitment."
train_0303,Could you please review the API documentation when you have a moment?,NON_COMMITMENT,engineering,easy,True,False,False,professional,synthetic_curated,Non-commitment statement regarding the API documentation.
train_0304,Why was the unit test suite not updated in the shared folder?,NON_COMMITMENT,operations,easy,False,False,False,professional,synthetic_curated,Non-commitment statement regarding the unit test suite.
train_0305,I will follow up with the vendor regarding the invoice breakdown before 5 PM today.,COMMITMENT,operations,easy,True,False,True,professional,synthetic_curated,Definite promise/undertaking involving the invoice breakdown.
train_0306,We should probably finalize the project timeline by Wednesday end of day.,NON_COMMITMENT,project,medium,True,False,False,professional,synthetic_curated,Advisory suggestion / opinion ('should probably') without personal undertaking.
train_0307,Why was the updated pitch deck not updated in the shared folder?,NON_COMMITMENT,operations,easy,False,False,False,professional,synthetic_curated,Non-commitment statement regarding the updated pitch deck.
train_0308,I'll send the financial forecast before 5 PM today.,COMMITMENT,project,easy,True,False,True,professional,synthetic_curated,Explicit first-person commitment to send deliverable with concrete deadline.
train_0309,I'll handle the paperwork for the architecture diagram by Friday noon.,COMMITMENT,operations,easy,True,False,True,professional,synthetic_curated,Definite promise/undertaking involving the architecture diagram.
train_0310,I will follow up with the vendor regarding the project timeline by 3 PM this afternoon.,COMMITMENT,operations,easy,True,False,True,professional,synthetic_curated,Definite promise/undertaking involving the project timeline.
train_0311,Can we discuss the invoice breakdown during our 1-on-1 meeting?,NON_COMMITMENT,project,easy,False,False,False,professional,synthetic_curated,Non-commitment statement regarding the invoice breakdown.
train_0312,"I'll send across the project timeline by 3 PM this afternoon, promise.",COMMITMENT,personal_errands,easy,True,False,True,professional,synthetic_curated,Definite promise/undertaking involving the project timeline.
train_0313,I will make sure Neha receives the the user interview transcripts within the next two hours.,COMMITMENT,project,medium,True,False,True,professional,synthetic_curated,Definite promise/undertaking involving the user interview transcripts.
train_0314,I think the customer refund request was already approved by David.,NON_COMMITMENT,operations,medium,False,False,False,professional,synthetic_curated,Non-commitment statement regarding the customer refund request.
train_0315,I commit to finalizing the revised contract draft as soon as we resolve the open discussion.,COMMITMENT,sales_client,medium,False,True,True,professional,synthetic_curated,Definite promise/undertaking involving the revised contract draft.
train_0316,Elena will share the database migration script by tomorrow at 10 AM.,COMMITMENT,project,medium,True,False,True,professional,synthetic_curated,Delegated commitment assigning ownership of the database migration script to Elena.
train_0317,Is the client proposal expected to be completed by Wednesday end of day?,NON_COMMITMENT,project,easy,True,False,False,professional,synthetic_curated,Non-commitment statement regarding the client proposal.
train_0318,"If you can confirm the numbers, Vikram and I will finalize the sprint retrospective notes.",COMMITMENT,executive,hard,False,True,True,formal_email,synthetic_curated,Joint conditional commitment tied to user confirmation.
train_0319,Can you send the database migration script within the next two hours?,NON_COMMITMENT,project,easy,True,False,False,professional,synthetic_curated,Request/question asking recipient; speaker does not make a commitment.
train_0320,I will upload the latest version of the slide deck for tomorrow's demo to Google Drive by tomorrow at 10 AM.,COMMITMENT,project,easy,True,False,True,professional,synthetic_curated,Definite promise/undertaking involving the slide deck for tomorrow's demo.
train_0321,Please send me the unit test suite by 3 PM this afternoon if possible.,NON_COMMITMENT,sales_client,easy,True,False,False,professional,synthetic_curated,Imperative request to another party without mutual commitment.
train_0322,"Rest assured, I'll investigate the wireframes for checkout and report back by end of day tomorrow.",COMMITMENT,engineering,easy,True,False,True,professional,synthetic_curated,Definite promise/undertaking involving the wireframes for checkout.
train_0323,Can you send the client proposal before the sprint review tomorrow?,NON_COMMITMENT,project,easy,True,False,False,professional,synthetic_curated,Request/question asking recipient; speaker does not make a commitment.
train_0324,"Rest assured, I'll investigate the database migration script and report back before the client meeting starts.",COMMITMENT,engineering,easy,True,False,True,professional,synthetic_curated,Definite promise/undertaking involving the database migration script.
train_0325,I'll get Mayur to sign off on the API documentation before the sprint review tomorrow.,COMMITMENT,executive,medium,True,False,True,professional,synthetic_curated,Definite promise/undertaking involving the API documentation.
train_0326,We should probably finalize the client proposal before the client meeting starts.,NON_COMMITMENT,project,medium,True,False,False,professional,synthetic_curated,Advisory suggestion / opinion ('should probably') without personal undertaking.
train_0327,Can we discuss the quotation spreadsheet during our 1-on-1 meeting?,NON_COMMITMENT,project,easy,False,False,False,professional,synthetic_curated,Non-commitment statement regarding the quotation spreadsheet.
train_0328,I can't commit to delivering the revised quotation by 5 PM today.,NON_COMMITMENT,project,hard,True,False,True,professional,synthetic_curated,Explicit refusal / non-commitment statement stating inability to commit.
train_0329,I am going to email the updated pitch deck by end of day tomorrow without fail.,COMMITMENT,engineering,easy,True,False,True,professional,synthetic_curated,Direct undertaking with affirmative emphasis and deadline.
train_0330,I will upload the latest version of the wireframes for checkout to Google Drive by end of day tomorrow.,COMMITMENT,project,easy,True,False,True,professional,synthetic_curated,Definite promise/undertaking involving the wireframes for checkout.
train_0331,Can we discuss the financial forecast during our 1-on-1 meeting?,NON_COMMITMENT,project,easy,False,False,False,professional,synthetic_curated,Non-commitment statement regarding the financial forecast.
train_0332,I'll personally verify the user interview transcripts before we ship the release within the next two hours.,COMMITMENT,engineering,easy,True,False,True,professional,synthetic_curated,Definite promise/undertaking involving the user interview transcripts.
train_0333,I will follow up with the vendor regarding the quarterly OKR summary first thing Monday morning.,COMMITMENT,operations,easy,True,False,True,professional,synthetic_curated,Definite promise/undertaking involving the quarterly OKR summary.
train_0334,Can you send the bug fix patch before the client meeting starts?,NON_COMMITMENT,project,easy,True,False,False,professional,synthetic_curated,Request/question asking recipient; speaker does not make a commitment.
train_0335,"I'll send across the client proposal by Wednesday end of day, promise.",COMMITMENT,personal_errands,easy,True,False,True,professional,synthetic_curated,Definite promise/undertaking involving the client proposal.
train_0336,Elena will send the invoice breakdown by end of day tomorrow.,COMMITMENT,project,medium,True,False,True,professional,synthetic_curated,Delegated commitment assigning ownership of the invoice breakdown to Elena.
train_0337,I'll double check the figures for the wireframes for checkout tonight.,COMMITMENT,sales_client,easy,True,False,True,professional,synthetic_curated,Definite promise/undertaking involving the wireframes for checkout.
train_0338,"Sneha, kindly make sure the pricing calculator is uploaded before the client meeting starts.",NON_COMMITMENT,operations,medium,True,False,False,formal_email,synthetic_curated,Directive instructing someone else to perform a task.
train_0339,I'll get Neha to sign off on the unit test suite by 3 PM this afternoon.,COMMITMENT,executive,medium,True,False,True,professional,synthetic_curated,Definite promise/undertaking involving the unit test suite.
train_0340,I think the meeting minutes was already approved by Marcus.,NON_COMMITMENT,operations,medium,False,False,False,professional,synthetic_curated,Non-commitment statement regarding the meeting minutes.
train_0341,I commit to finalizing the meeting minutes as soon as we resolve the open discussion.,COMMITMENT,sales_client,medium,False,True,True,professional,synthetic_curated,Definite promise/undertaking involving the meeting minutes.
train_0342,Can you send the invoice breakdown over the weekend?,NON_COMMITMENT,project,easy,True,False,False,professional,synthetic_curated,Request/question asking recipient; speaker does not make a commitment.
train_0343,Ananya will upload the revised contract draft by Wednesday end of day.,COMMITMENT,project,medium,True,False,True,professional,synthetic_curated,Delegated commitment assigning ownership of the revised contract draft to Ananya.
train_0344,Please send me the project timeline by 3 PM this afternoon if possible.,NON_COMMITMENT,sales_client,easy,True,False,False,professional,synthetic_curated,Imperative request to another party without mutual commitment.
train_0345,The API returned a 404 error when querying the user profiles endpoint.,NON_COMMITMENT,engineering,easy,False,False,False,professional,synthetic_curated,Technical incident observation
train_0346,Kavya will deliver the client proposal within the next two hours.,COMMITMENT,project,medium,True,False,True,professional,synthetic_curated,Delegated commitment assigning ownership of the client proposal to Kavya.
train_0347,Please send me the financial forecast by end of day tomorrow if possible.,NON_COMMITMENT,sales_client,easy,True,False,False,professional,synthetic_curated,Imperative request to another party without mutual commitment.
train_0348,Chen will compile the staging deployment before 5 PM today.,COMMITMENT,project,medium,True,False,True,professional,synthetic_curated,Delegated commitment assigning ownership of the staging deployment to Chen.
train_0349,I'll deploy the project timeline by Friday noon.,COMMITMENT,project,easy,True,False,True,professional,synthetic_curated,Explicit first-person commitment to deploy deliverable with concrete deadline.
train_0350,I'll personally verify the wireframes for checkout before we ship the release by end of day tomorrow.,COMMITMENT,engineering,easy,True,False,True,professional,synthetic_curated,Definite promise/undertaking involving the wireframes for checkout.
train_0351,I wonder if Arjun has looked at the release candidate build yet.,NON_COMMITMENT,project,medium,False,False,False,professional,synthetic_curated,Non-commitment statement regarding the release candidate build.
train_0352,I might check the slide deck for tomorrow's demo if I get some free time.,NON_COMMITMENT,engineering,hard,False,True,True,informal_chat,synthetic_curated,"Tentative possibility ('might') conditional on free time, not a binding commitment."
train_0353,"Count me in for the customer refund request, I will finish it before 5 PM today.",COMMITMENT,academic_student,medium,True,False,True,informal_chat,synthetic_curated,Definite promise/undertaking involving the customer refund request.
train_0354,Why was the meeting minutes not updated in the shared folder?,NON_COMMITMENT,operations,easy,False,False,False,professional,synthetic_curated,Non-commitment statement regarding the meeting minutes.
train_0355,Please send me the slide deck for tomorrow's demo by tomorrow at 10 AM if possible.,NON_COMMITMENT,sales_client,easy,True,False,False,professional,synthetic_curated,Imperative request to another party without mutual commitment.
train_0356,I am going to share the bug fix patch before the client meeting starts without fail.,COMMITMENT,engineering,easy,True,False,True,professional,synthetic_curated,Direct undertaking with affirmative emphasis and deadline.
train_0357,Did Vikram already finish the database migration script?,NON_COMMITMENT,project,easy,False,False,False,professional,synthetic_curated,Status question about past action.
train_0358,I wonder if Vikram has looked at the financial forecast yet.,NON_COMMITMENT,project,medium,False,False,False,professional,synthetic_curated,Non-commitment statement regarding the financial forecast.
train_0359,I will upload the latest version of the meeting minutes to Google Drive by Friday noon.,COMMITMENT,project,easy,True,False,True,professional,synthetic_curated,Definite promise/undertaking involving the meeting minutes.
train_0360,Spoke with Rahul; they confirmed they are handling the wireframes for checkout and will send it first thing Monday morning.,COMMITMENT,operations,medium,True,False,True,informal_chat,synthetic_curated,Confirmed delegated undertaking on behalf of Rahul.
train_0361,It would be great if someone could take a look at the sprint retrospective notes.,NON_COMMITMENT,engineering,hard,False,False,False,professional,synthetic_curated,Non-commitment statement regarding the sprint retrospective notes.
train_0362,"As agreed during the steering committee meeting, I will circulate the updated governance charter prior to our next session.",COMMITMENT,executive,easy,True,False,True,formal_email,synthetic_curated,Formal business commitment with explicit timeline and deliverable.
train_0363,I promise to draft the pricing calculator.,COMMITMENT,operations,easy,False,False,True,professional,synthetic_curated,Explicit promissory statement committing speaker to draft the pricing calculator.
train_0364,Ananya will prepare the quotation spreadsheet by Friday noon.,COMMITMENT,project,medium,True,False,True,professional,synthetic_curated,Delegated commitment assigning ownership of the quotation spreadsheet to Ananya.
train_0365,"Rest assured, I'll investigate the updated pitch deck and report back first thing Monday morning.",COMMITMENT,engineering,easy,True,False,True,professional,synthetic_curated,Definite promise/undertaking involving the updated pitch deck.
train_0366,Did Alex already finish the wireframes for checkout?,NON_COMMITMENT,project,easy,False,False,False,professional,synthetic_curated,Status question about past action.
train_0367,We should probably finalize the database migration script over the weekend.,NON_COMMITMENT,project,medium,True,False,False,professional,synthetic_curated,Advisory suggestion / opinion ('should probably') without personal undertaking.
train_0368,"Alex, kindly make sure the staging deployment is uploaded over the weekend.",NON_COMMITMENT,operations,medium,True,False,False,formal_email,synthetic_curated,Directive instructing someone else to perform a task.
train_0369,"Count me in for the bug fix patch, I will finish it by tomorrow at 10 AM.",COMMITMENT,academic_student,medium,True,False,True,informal_chat,synthetic_curated,Definite promise/undertaking involving the bug fix patch.
train_0370,I will upload the latest version of the updated pitch deck to Google Drive first thing Monday morning.,COMMITMENT,project,easy,True,False,True,professional,synthetic_curated,Definite promise/undertaking involving the updated pitch deck.
train_0371,I'll get Kavya to sign off on the staging deployment over the weekend.,COMMITMENT,executive,medium,True,False,True,professional,synthetic_curated,Definite promise/undertaking involving the staging deployment.
train_0372,I think the wireframes for checkout was already approved by Elena.,NON_COMMITMENT,operations,medium,False,False,False,professional,synthetic_curated,Non-commitment statement regarding the wireframes for checkout.
train_0373,Who is responsible for preparing the customer refund request?,NON_COMMITMENT,operations,easy,False,False,False,professional,synthetic_curated,Informational inquiry regarding responsibility.
train_0374,I will upload the latest version of the revised contract draft to Google Drive before the sprint review tomorrow.,COMMITMENT,project,easy,True,False,True,professional,synthetic_curated,Definite promise/undertaking involving the revised contract draft.
train_0375,I'm going to take ownership of the wireframes for checkout and deliver it by end of day tomorrow.,COMMITMENT,project,easy,True,False,True,professional,synthetic_curated,Definite promise/undertaking involving the wireframes for checkout.
train_0376,I commit to finalizing the user interview transcripts as soon as we resolve the open discussion.,COMMITMENT,sales_client,medium,False,True,True,professional,synthetic_curated,Definite promise/undertaking involving the user interview transcripts.
train_0377,"David: Has anyone seen my blue notebook?
Kavya: Check near the coffee machine on the 3rd floor.
David: Ah thanks, found it!
Kavya: Nice!",NON_COMMITMENT,personal_errands,hard,False,False,False,multi_message_messy,synthetic_curated,Messy dialogue containing Casual lost item search.
train_0378,"If the CI pipeline turns green, I will submit the unit test suite by end of day tomorrow.",COMMITMENT,engineering,medium,True,True,True,professional,synthetic_curated,Conditional commitment triggered upon condition fulfillment.
train_0379,I am going to deploy the unit test suite by Friday noon without fail.,COMMITMENT,engineering,easy,True,False,True,professional,synthetic_curated,Direct undertaking with affirmative emphasis and deadline.
train_0380,I wonder if Vikram has looked at the bug fix patch yet.,NON_COMMITMENT,project,medium,False,False,False,professional,synthetic_curated,Non-commitment statement regarding the bug fix patch.
train_0381,I am going to draft the pricing calculator within the next two hours without fail.,COMMITMENT,engineering,easy,True,False,True,professional,synthetic_curated,Direct undertaking with affirmative emphasis and deadline.
train_0382,I am going to send the financial forecast before 5 PM today without fail.,COMMITMENT,engineering,easy,True,False,True,professional,synthetic_curated,Direct undertaking with affirmative emphasis and deadline.
train_0383,I will follow up with the vendor regarding the pricing calculator before the client meeting starts.,COMMITMENT,operations,easy,True,False,True,professional,synthetic_curated,Definite promise/undertaking involving the pricing calculator.
train_0384,"Ananya, kindly make sure the architecture diagram is uploaded by Friday noon.",NON_COMMITMENT,operations,medium,True,False,False,formal_email,synthetic_curated,Directive instructing someone else to perform a task.
train_0385,Please ensure that the updated pitch deck follows the new formatting guidelines.,NON_COMMITMENT,sales_client,easy,False,False,False,professional,synthetic_curated,Non-commitment statement regarding the updated pitch deck.
train_0386,Did Priya already finish the project timeline?,NON_COMMITMENT,project,easy,False,False,False,professional,synthetic_curated,Status question about past action.
train_0387,I will upload the latest version of the unit test suite to Google Drive by 3 PM this afternoon.,COMMITMENT,project,easy,True,False,True,professional,synthetic_curated,Definite promise/undertaking involving the unit test suite.
train_0388,We will deliver the database migration script to your team before the client meeting starts.,COMMITMENT,sales_client,easy,True,False,True,professional,synthetic_curated,Definite promise/undertaking involving the database migration script.
train_0389,It would be great if someone could take a look at the database migration script.,NON_COMMITMENT,engineering,hard,False,False,False,professional,synthetic_curated,Non-commitment statement regarding the database migration script.
train_0390,Can we discuss the database migration script during our 1-on-1 meeting?,NON_COMMITMENT,project,easy,False,False,False,professional,synthetic_curated,Non-commitment statement regarding the database migration script.
train_0391,Who is responsible for preparing the staging deployment?,NON_COMMITMENT,operations,easy,False,False,False,professional,synthetic_curated,Informational inquiry regarding responsibility.
train_0392,I'll double check the figures for the quarterly OKR summary tonight.,COMMITMENT,sales_client,easy,True,False,True,professional,synthetic_curated,Definite promise/undertaking involving the quarterly OKR summary.
train_0393,I'm thinking about working on the security audit findings before the sprint review tomorrow.,NON_COMMITMENT,project,hard,True,False,True,informal_chat,synthetic_curated,Weak intention ('thinking about') lacks promissory undertaking.
train_0394,"Rest assured, I'll investigate the user interview transcripts and report back within the next two hours.",COMMITMENT,engineering,easy,True,False,True,professional,synthetic_curated,Definite promise/undertaking involving the user interview transcripts.
train_0395,Did David already finish the staging deployment?,NON_COMMITMENT,project,easy,False,False,False,professional,synthetic_curated,Status question about past action.
train_0396,"David: The client is asking about the delay on mobile responsiveness.
Kavya: We found an issue in Safari flexbox.
David: Understood. I will call the client in ten minutes to explain and promise the build by tomorrow.",COMMITMENT,project,hard,True,False,True,multi_message_messy,synthetic_curated,Messy dialogue containing firm commitment clause: 'I will call the client in ten minutes to explain and promise the build by tomorrow'.
train_0397,"Rest assured, I'll investigate the unit test suite and report back by 3 PM this afternoon.",COMMITMENT,engineering,easy,True,False,True,professional,synthetic_curated,Definite promise/undertaking involving the unit test suite.
train_0398,We received 45 customer inquiries regarding the new pricing tiers.,NON_COMMITMENT,sales_client,easy,False,False,False,professional,synthetic_curated,Factual metrics summary
train_0399,Spoke with Priya; they confirmed they are handling the quarterly OKR summary and will send it tonight before midnight.,COMMITMENT,operations,medium,True,False,True,informal_chat,synthetic_curated,Confirmed delegated undertaking on behalf of Priya.
train_0400,"If any blocker arises with the revised contract draft, I'll notify the channel immediately.",COMMITMENT,engineering,hard,False,True,True,professional,synthetic_curated,Definite promise/undertaking involving the revised contract draft.
train_0401,I will make sure Arjun receives the the architecture diagram by Friday noon.,COMMITMENT,project,medium,True,False,True,professional,synthetic_curated,Definite promise/undertaking involving the architecture diagram.
train_0402,I will upload the latest version of the bug fix patch to Google Drive by tomorrow at 10 AM.,COMMITMENT,project,easy,True,False,True,professional,synthetic_curated,Definite promise/undertaking involving the bug fix patch.
train_0403,"Kavya, kindly make sure the code review comments is uploaded over the weekend.",NON_COMMITMENT,operations,medium,True,False,False,formal_email,synthetic_curated,Directive instructing someone else to perform a task.
train_0404,I'll double check the figures for the user interview transcripts tonight.,COMMITMENT,sales_client,easy,True,False,True,professional,synthetic_curated,Definite promise/undertaking involving the user interview transcripts.
train_0405,Why was the code review comments not updated in the shared folder?,NON_COMMITMENT,operations,easy,False,False,False,professional,synthetic_curated,Non-commitment statement regarding the code review comments.
train_0406,Who is responsible for preparing the quotation spreadsheet?,NON_COMMITMENT,operations,easy,False,False,False,professional,synthetic_curated,Informational inquiry regarding responsibility.
train_0407,I will make sure Kavya receives the the staging deployment over the weekend.,COMMITMENT,project,medium,True,False,True,professional,synthetic_curated,Definite promise/undertaking involving the staging deployment.
train_0408,I'll personally verify the financial forecast before we ship the release by end of day tomorrow.,COMMITMENT,engineering,easy,True,False,True,professional,synthetic_curated,Definite promise/undertaking involving the financial forecast.
train_0409,I hope to finish the unit test suite soon.,NON_COMMITMENT,operations,hard,False,False,True,professional,synthetic_curated,Aspirational statement ('hope to') without commitment guarantee.
train_0410,We might want to revisit the API documentation next quarter.,NON_COMMITMENT,executive,medium,False,False,False,professional,synthetic_curated,Non-commitment statement regarding the API documentation.
train_0411,I'm thinking about working on the financial forecast by Friday noon.,NON_COMMITMENT,project,hard,True,False,True,informal_chat,synthetic_curated,Weak intention ('thinking about') lacks promissory undertaking.
train_0412,Why was the quotation spreadsheet not updated in the shared folder?,NON_COMMITMENT,operations,easy,False,False,False,professional,synthetic_curated,Non-commitment statement regarding the quotation spreadsheet.
train_0413,Why was the customer refund request not updated in the shared folder?,NON_COMMITMENT,operations,easy,False,False,False,professional,synthetic_curated,Non-commitment statement regarding the customer refund request.
train_0414,Can you send the architecture diagram tonight before midnight?,NON_COMMITMENT,project,easy,True,False,False,professional,synthetic_curated,Request/question asking recipient; speaker does not make a commitment.
train_0415,Rohan will deploy the architecture diagram by 3 PM this afternoon.,COMMITMENT,project,medium,True,False,True,professional,synthetic_curated,Delegated commitment assigning ownership of the architecture diagram to Rohan.
train_0416,"In my opinion, the pricing calculator needs a complete redesign.",NON_COMMITMENT,engineering,easy,False,False,False,professional,synthetic_curated,Subjective opinion regarding quality.
train_0417,"Thanks for the update, really appreciate the quick turnaround!",NON_COMMITMENT,project,easy,False,False,False,informal_chat,synthetic_curated,Pleasantry / gratitude
train_0418,"If any blocker arises with the user interview transcripts, I'll notify the channel immediately.",COMMITMENT,engineering,hard,False,True,True,professional,synthetic_curated,Definite promise/undertaking involving the user interview transcripts.
train_0419,I hope to finish the staging deployment soon.,NON_COMMITMENT,operations,hard,False,False,True,professional,synthetic_curated,Aspirational statement ('hope to') without commitment guarantee.
train_0420,I'll compile the invoice breakdown over the weekend.,COMMITMENT,engineering,easy,True,False,True,professional,synthetic_curated,Explicit first-person commitment to compile deliverable with concrete deadline.
train_0421,I'll personally verify the updated pitch deck before we ship the release first thing Monday morning.,COMMITMENT,engineering,easy,True,False,True,professional,synthetic_curated,Definite promise/undertaking involving the updated pitch deck.
train_0422,Please ensure that the database migration script follows the new formatting guidelines.,NON_COMMITMENT,sales_client,easy,False,False,False,professional,synthetic_curated,Non-commitment statement regarding the database migration script.
train_0423,It would be great if someone could take a look at the client proposal.,NON_COMMITMENT,engineering,hard,False,False,False,professional,synthetic_curated,Non-commitment statement regarding the client proposal.
train_0424,I will coordinate with our legal counsel and deliver their feedback regarding clause 7 before Friday noon.,COMMITMENT,executive,easy,True,False,True,formal_email,synthetic_curated,Formal business commitment with explicit timeline and deliverable.
train_0425,Is the architecture diagram expected to be completed by Friday noon?,NON_COMMITMENT,project,easy,True,False,False,professional,synthetic_curated,Non-commitment statement regarding the architecture diagram.
train_0426,I'm thinking about working on the meeting minutes by Wednesday end of day.,NON_COMMITMENT,project,hard,True,False,True,informal_chat,synthetic_curated,Weak intention ('thinking about') lacks promissory undertaking.
train_0427,"If any blocker arises with the client proposal, I'll notify the channel immediately.",COMMITMENT,engineering,hard,False,True,True,professional,synthetic_curated,Definite promise/undertaking involving the client proposal.
train_0428,We might want to revisit the revised contract draft next quarter.,NON_COMMITMENT,executive,medium,False,False,False,professional,synthetic_curated,Non-commitment statement regarding the revised contract draft.
train_0429,Who is responsible for preparing the updated pitch deck?,NON_COMMITMENT,operations,easy,False,False,False,professional,synthetic_curated,Informational inquiry regarding responsibility.
train_0430,"In my opinion, the sprint retrospective notes needs a complete redesign.",NON_COMMITMENT,engineering,easy,False,False,False,professional,synthetic_curated,Subjective opinion regarding quality.
train_0431,We will deliver the pricing calculator to your team before the client meeting starts.,COMMITMENT,sales_client,easy,True,False,True,professional,synthetic_curated,Definite promise/undertaking involving the pricing calculator.
train_0432,I'll get Chen to sign off on the security audit findings tonight before midnight.,COMMITMENT,executive,medium,True,False,True,professional,synthetic_curated,Definite promise/undertaking involving the security audit findings.
train_0433,Please ensure that the sprint retrospective notes follows the new formatting guidelines.,NON_COMMITMENT,sales_client,easy,False,False,False,professional,synthetic_curated,Non-commitment statement regarding the sprint retrospective notes.
train_0434,Could you please review the user interview transcripts when you have a moment?,NON_COMMITMENT,engineering,easy,True,False,False,professional,synthetic_curated,Non-commitment statement regarding the user interview transcripts.
train_0435,"Elena, kindly make sure the bug fix patch is uploaded by tomorrow at 10 AM.",NON_COMMITMENT,operations,medium,True,False,False,formal_email,synthetic_curated,Directive instructing someone else to perform a task.
train_0436,"In my opinion, the updated pitch deck needs a complete redesign.",NON_COMMITMENT,engineering,easy,False,False,False,professional,synthetic_curated,Subjective opinion regarding quality.
train_0437,"Chen, kindly make sure the customer refund request is uploaded before 5 PM today.",NON_COMMITMENT,operations,medium,True,False,False,formal_email,synthetic_curated,Directive instructing someone else to perform a task.
train_0438,"Arjun: Are the integration tests failing on Python 3.11?
Rahul: Yes, some type checking error in auth.
Arjun: Leave it to me. I'll fix the type annotations before our daily standup.
Rahul: Thanks man.",COMMITMENT,engineering,hard,True,False,True,multi_message_messy,synthetic_curated,Messy dialogue containing firm commitment clause: 'I'll fix the type annotations before our daily standup'.
train_0439,I will follow up with the vendor regarding the database migration script before the client meeting starts.,COMMITMENT,operations,easy,True,False,True,professional,synthetic_curated,Definite promise/undertaking involving the database migration script.
train_0440,I might check the updated pitch deck if I get some free time.,NON_COMMITMENT,engineering,hard,False,True,True,informal_chat,synthetic_curated,"Tentative possibility ('might') conditional on free time, not a binding commitment."
train_0441,Can you send the quotation spreadsheet first thing Monday morning?,NON_COMMITMENT,project,easy,True,False,False,professional,synthetic_curated,Request/question asking recipient; speaker does not make a commitment.
train_0442,"If any blocker arises with the meeting minutes, I'll notify the channel immediately.",COMMITMENT,engineering,hard,False,True,True,professional,synthetic_curated,Definite promise/undertaking involving the meeting minutes.
train_0443,It would be great if someone could take a look at the user interview transcripts.,NON_COMMITMENT,engineering,hard,False,False,False,professional,synthetic_curated,Non-commitment statement regarding the user interview transcripts.
train_0444,I'm thinking about working on the quotation spreadsheet before the sprint review tomorrow.,NON_COMMITMENT,project,hard,True,False,True,informal_chat,synthetic_curated,Weak intention ('thinking about') lacks promissory undertaking.
train_0445,"hey guys, I'm heading out now but I will test the endpoints on my laptop later tonight.",COMMITMENT,academic_student,medium,True,False,True,informal_chat,synthetic_curated,Informal peer dialogue containing clear intent and action commitment.
train_0446,Could you please review the revised contract draft when you have a moment?,NON_COMMITMENT,engineering,easy,True,False,False,professional,synthetic_curated,Non-commitment statement regarding the revised contract draft.
train_0447,Who is responsible for preparing the meeting minutes?,NON_COMMITMENT,operations,easy,False,False,False,professional,synthetic_curated,Informational inquiry regarding responsibility.
train_0448,We will deliver the project timeline to your team by 3 PM this afternoon.,COMMITMENT,sales_client,easy,True,False,True,professional,synthetic_curated,Definite promise/undertaking involving the project timeline.
train_0449,"In my opinion, the customer refund request needs a complete redesign.",NON_COMMITMENT,engineering,easy,False,False,False,professional,synthetic_curated,Subjective opinion regarding quality.
train_0450,We will deliver the customer refund request to your team before 5 PM today.,COMMITMENT,sales_client,easy,True,False,True,professional,synthetic_curated,Definite promise/undertaking involving the customer refund request.
train_0451,I am going to deploy the project timeline by Friday noon without fail.,COMMITMENT,engineering,easy,True,False,True,professional,synthetic_curated,Direct undertaking with affirmative emphasis and deadline.
train_0452,I will upload the latest version of the API documentation to Google Drive before the sprint review tomorrow.,COMMITMENT,project,easy,True,False,True,professional,synthetic_curated,Definite promise/undertaking involving the API documentation.
train_0453,We might want to revisit the slide deck for tomorrow's demo next quarter.,NON_COMMITMENT,executive,medium,False,False,False,professional,synthetic_curated,Non-commitment statement regarding the slide deck for tomorrow's demo.
train_0454,I'll submit the security audit findings first thing Monday morning.,COMMITMENT,project,easy,True,False,True,professional,synthetic_curated,Explicit first-person commitment to submit deliverable with concrete deadline.
train_0455,"I'll send across the staging deployment over the weekend, promise.",COMMITMENT,personal_errands,easy,True,False,True,professional,synthetic_curated,Definite promise/undertaking involving the staging deployment.
train_0456,"Count me in for the quarterly OKR summary, I will finish it first thing Monday morning.",COMMITMENT,academic_student,medium,True,False,True,informal_chat,synthetic_curated,Definite promise/undertaking involving the quarterly OKR summary.
train_0457,I hope to finish the user interview transcripts soon.,NON_COMMITMENT,operations,hard,False,False,True,professional,synthetic_curated,Aspirational statement ('hope to') without commitment guarantee.
train_0458,"If any blocker arises with the project timeline, I'll notify the channel immediately.",COMMITMENT,engineering,hard,False,True,True,professional,synthetic_curated,Definite promise/undertaking involving the project timeline.
train_0459,"If the designer shares the Figma assets, I will draft the staging deployment by Wednesday end of day.",COMMITMENT,engineering,medium,True,True,True,professional,synthetic_curated,Conditional commitment triggered upon condition fulfillment.
train_0460,Who is responsible for preparing the pricing calculator?,NON_COMMITMENT,operations,easy,False,False,False,professional,synthetic_curated,Informational inquiry regarding responsibility.
train_0461,I'll double check the figures for the code review comments tonight.,COMMITMENT,sales_client,easy,True,False,True,professional,synthetic_curated,Definite promise/undertaking involving the code review comments.
train_0462,I'll double check the figures for the sprint retrospective notes tonight.,COMMITMENT,sales_client,easy,True,False,True,professional,synthetic_curated,Definite promise/undertaking involving the sprint retrospective notes.
train_0463,We will deliver the slide deck for tomorrow's demo to your team by tomorrow at 10 AM.,COMMITMENT,sales_client,easy,True,False,True,professional,synthetic_curated,Definite promise/undertaking involving the slide deck for tomorrow's demo.
train_0464,"Once the client approves the initial scope, I will prepare the API documentation first thing Monday morning.",COMMITMENT,sales_client,medium,True,True,True,professional,synthetic_curated,Conditional commitment triggered upon condition fulfillment.
train_0465,I'm going to take ownership of the unit test suite and deliver it by 3 PM this afternoon.,COMMITMENT,project,easy,True,False,True,professional,synthetic_curated,Definite promise/undertaking involving the unit test suite.
train_0466,I promise to draft the database migration script.,COMMITMENT,operations,easy,False,False,True,professional,synthetic_curated,Explicit promissory statement committing speaker to draft the database migration script.
train_0467,Why was the architecture diagram not updated in the shared folder?,NON_COMMITMENT,operations,easy,False,False,False,professional,synthetic_curated,Non-commitment statement regarding the architecture diagram.
train_0468,I am going to prepare the architecture diagram tonight before midnight without fail.,COMMITMENT,engineering,easy,True,False,True,professional,synthetic_curated,Direct undertaking with affirmative emphasis and deadline.
train_0469,I wonder if Mayur has looked at the API documentation yet.,NON_COMMITMENT,project,medium,False,False,False,professional,synthetic_curated,Non-commitment statement regarding the API documentation.
train_0470,The office will remain closed next Monday for the national holiday.,NON_COMMITMENT,operations,easy,False,False,False,professional,synthetic_curated,General administrative announcement
train_0471,Please send me the staging deployment over the weekend if possible.,NON_COMMITMENT,sales_client,easy,True,False,False,professional,synthetic_curated,Imperative request to another party without mutual commitment.
train_0472,We might want to revisit the client proposal next quarter.,NON_COMMITMENT,executive,medium,False,False,False,professional,synthetic_curated,Non-commitment statement regarding the client proposal.
train_0473,I will make sure Sneha receives the the database migration script before the client meeting starts.,COMMITMENT,project,medium,True,False,True,professional,synthetic_curated,Definite promise/undertaking involving the database migration script.
train_0474,I might check the wireframes for checkout if I get some free time.,NON_COMMITMENT,engineering,hard,False,True,True,informal_chat,synthetic_curated,"Tentative possibility ('might') conditional on free time, not a binding commitment."
train_0475,We should probably finalize the bug fix patch before 5 PM today.,NON_COMMITMENT,project,medium,True,False,False,professional,synthetic_curated,Advisory suggestion / opinion ('should probably') without personal undertaking.
train_0476,I am going to finalize the revised contract draft by 3 PM this afternoon without fail.,COMMITMENT,engineering,easy,True,False,True,professional,synthetic_curated,Direct undertaking with affirmative emphasis and deadline.
train_0477,It would be great if someone could take a look at the revised contract draft.,NON_COMMITMENT,engineering,hard,False,False,False,professional,synthetic_curated,Non-commitment statement regarding the revised contract draft.
train_0478,"In my opinion, the bug fix patch needs a complete redesign.",NON_COMMITMENT,engineering,easy,False,False,False,professional,synthetic_curated,Subjective opinion regarding quality.
train_0479,"I'll send across the user interview transcripts within the next two hours, promise.",COMMITMENT,personal_errands,easy,True,False,True,professional,synthetic_curated,Definite promise/undertaking involving the user interview transcripts.
train_0480,I'll handle the paperwork for the release candidate build by Wednesday end of day.,COMMITMENT,operations,easy,True,False,True,professional,synthetic_curated,Definite promise/undertaking involving the release candidate build.
train_0481,I commit to finalizing the security audit findings as soon as we resolve the open discussion.,COMMITMENT,sales_client,medium,False,True,True,professional,synthetic_curated,Definite promise/undertaking involving the security audit findings.
train_0482,Alex will write the bug fix patch over the weekend.,COMMITMENT,project,medium,True,False,True,professional,synthetic_curated,Delegated commitment assigning ownership of the bug fix patch to Alex.
train_0483,I hope to finish the code review comments soon.,NON_COMMITMENT,operations,hard,False,False,True,professional,synthetic_curated,Aspirational statement ('hope to') without commitment guarantee.
train_0484,It would be great if someone could take a look at the meeting minutes.,NON_COMMITMENT,engineering,hard,False,False,False,professional,synthetic_curated,Non-commitment statement regarding the meeting minutes.
train_0485,I won't have time to review your pull request tonight.,NON_COMMITMENT,project,hard,True,False,True,professional,synthetic_curated,Explicit refusal / non-commitment statement stating inability to commit.
train_0486,I might check the pricing calculator if I get some free time.,NON_COMMITMENT,engineering,hard,False,True,True,informal_chat,synthetic_curated,"Tentative possibility ('might') conditional on free time, not a binding commitment."
train_0487,I'll get Arjun to sign off on the architecture diagram by Friday noon.,COMMITMENT,executive,medium,True,False,True,professional,synthetic_curated,Definite promise/undertaking involving the architecture diagram.
train_0488,I commit to finalizing the updated pitch deck as soon as we resolve the open discussion.,COMMITMENT,sales_client,medium,False,True,True,professional,synthetic_curated,Definite promise/undertaking involving the updated pitch deck.
train_0489,"Mayur: How was the client call today?
Arjun: Pretty intense, they asked about SOC2 compliance.
Mayur: Do we have the documentation ready?
Arjun: Sarah might know more about that.",NON_COMMITMENT,sales_client,hard,False,False,False,multi_message_messy,synthetic_curated,Messy dialogue containing Informational recap without commitment.
train_0490,"Trust me, I'll have the PR ready for review before 9 AM tomorrow.",COMMITMENT,academic_student,medium,True,False,True,informal_chat,synthetic_curated,Informal peer dialogue containing clear intent and action commitment.
train_0491,I'm thinking about working on the user interview transcripts over the weekend.,NON_COMMITMENT,project,hard,True,False,True,informal_chat,synthetic_curated,Weak intention ('thinking about') lacks promissory undertaking.
train_0492,Can you send the wireframes for checkout before 5 PM today?,NON_COMMITMENT,project,easy,True,False,False,professional,synthetic_curated,Request/question asking recipient; speaker does not make a commitment.
train_0493,"Rest assured, I'll investigate the sprint retrospective notes and report back within the next two hours.",COMMITMENT,engineering,easy,True,False,True,professional,synthetic_curated,Definite promise/undertaking involving the sprint retrospective notes.
train_0494,I wonder if Neha has looked at the unit test suite yet.,NON_COMMITMENT,project,medium,False,False,False,professional,synthetic_curated,Non-commitment statement regarding the unit test suite.
train_0495,I am going to draft the database migration script within the next two hours without fail.,COMMITMENT,engineering,easy,True,False,True,professional,synthetic_curated,Direct undertaking with affirmative emphasis and deadline.
train_0496,Spoke with Elena; they confirmed they are handling the database migration script and will send it by tomorrow at 10 AM.,COMMITMENT,operations,medium,True,False,True,informal_chat,synthetic_curated,Confirmed delegated undertaking on behalf of Elena.
train_0497,"In my opinion, the quarterly OKR summary needs a complete redesign.",NON_COMMITMENT,engineering,easy,False,False,False,professional,synthetic_curated,Subjective opinion regarding quality.
train_0498,We should probably finalize the meeting minutes before the sprint review tomorrow.,NON_COMMITMENT,project,medium,True,False,False,professional,synthetic_curated,Advisory suggestion / opinion ('should probably') without personal undertaking.
train_0499,I'll draft the database migration script within the next two hours.,COMMITMENT,project,easy,True,False,True,professional,synthetic_curated,Explicit first-person commitment to draft deliverable with concrete deadline.
train_0500,Can we discuss the sprint retrospective notes during our 1-on-1 meeting?,NON_COMMITMENT,project,easy,False,False,False,professional,synthetic_curated,Non-commitment statement regarding the sprint retrospective notes.
train_0501,"I'll send across the wireframes for checkout by end of day tomorrow, promise.",COMMITMENT,personal_errands,easy,True,False,True,professional,synthetic_curated,Definite promise/undertaking involving the wireframes for checkout.
train_0502,"Rohan, kindly make sure the user interview transcripts is uploaded within the next two hours.",NON_COMMITMENT,operations,medium,True,False,False,formal_email,synthetic_curated,Directive instructing someone else to perform a task.
train_0503,I will follow up with the vendor regarding the updated pitch deck first thing Monday morning.,COMMITMENT,operations,easy,True,False,True,professional,synthetic_curated,Definite promise/undertaking involving the updated pitch deck.
train_0504,"If any blocker arises with the sprint retrospective notes, I'll notify the channel immediately.",COMMITMENT,engineering,hard,False,True,True,professional,synthetic_curated,Definite promise/undertaking involving the sprint retrospective notes.
train_0505,I commit to finalizing the wireframes for checkout as soon as we resolve the open discussion.,COMMITMENT,sales_client,medium,False,True,True,professional,synthetic_curated,Definite promise/undertaking involving the wireframes for checkout.
train_0506,I'm going to take ownership of the database migration script and deliver it before the client meeting starts.,COMMITMENT,project,easy,True,False,True,professional,synthetic_curated,Definite promise/undertaking involving the database migration script.
train_0507,I'll get Vikram to sign off on the financial forecast by end of day tomorrow.,COMMITMENT,executive,medium,True,False,True,professional,synthetic_curated,Definite promise/undertaking involving the financial forecast.
train_0508,"Rest assured, I'll investigate the financial forecast and report back by end of day tomorrow.",COMMITMENT,engineering,easy,True,False,True,professional,synthetic_curated,Definite promise/undertaking involving the financial forecast.
train_0509,I'll personally verify the quarterly OKR summary before we ship the release first thing Monday morning.,COMMITMENT,engineering,easy,True,False,True,professional,synthetic_curated,Definite promise/undertaking involving the quarterly OKR summary.
train_0510,Could you please review the slide deck for tomorrow's demo when you have a moment?,NON_COMMITMENT,engineering,easy,True,False,False,professional,synthetic_curated,Non-commitment statement regarding the slide deck for tomorrow's demo.
train_0511,I'll grab the printouts from the library on my way to class.,COMMITMENT,academic_student,medium,True,False,True,informal_chat,synthetic_curated,Informal peer dialogue containing clear intent and action commitment.
train_0512,I'll handle the paperwork for the code review comments over the weekend.,COMMITMENT,operations,easy,True,False,True,professional,synthetic_curated,Definite promise/undertaking involving the code review comments.
train_0513,Can you send the API documentation by 3 PM this afternoon?,NON_COMMITMENT,project,easy,True,False,False,professional,synthetic_curated,Request/question asking recipient; speaker does not make a commitment.
train_0514,I will make sure Mayur receives the the API documentation before the sprint review tomorrow.,COMMITMENT,project,medium,True,False,True,professional,synthetic_curated,Definite promise/undertaking involving the API documentation.
train_0515,"Rest assured, I'll investigate the client proposal and report back by Wednesday end of day.",COMMITMENT,engineering,easy,True,False,True,professional,synthetic_curated,Definite promise/undertaking involving the client proposal.
train_0516,I'm thinking about working on the sprint retrospective notes over the weekend.,NON_COMMITMENT,project,hard,True,False,True,informal_chat,synthetic_curated,Weak intention ('thinking about') lacks promissory undertaking.
train_0517,I wonder if Marcus has looked at the meeting minutes yet.,NON_COMMITMENT,project,medium,False,False,False,professional,synthetic_curated,Non-commitment statement regarding the meeting minutes.
train_0518,I commit to finalizing the code review comments as soon as we resolve the open discussion.,COMMITMENT,sales_client,medium,False,True,True,professional,synthetic_curated,Definite promise/undertaking involving the code review comments.
train_0519,Can we discuss the API documentation during our 1-on-1 meeting?,NON_COMMITMENT,project,easy,False,False,False,professional,synthetic_curated,Non-commitment statement regarding the API documentation.
train_0520,We will deliver the client proposal to your team by Wednesday end of day.,COMMITMENT,sales_client,easy,True,False,True,professional,synthetic_curated,Definite promise/undertaking involving the client proposal.
train_0521,I commit to finalizing the quarterly OKR summary as soon as we resolve the open discussion.,COMMITMENT,sales_client,medium,False,True,True,professional,synthetic_curated,Definite promise/undertaking involving the quarterly OKR summary.
train_0522,Please send me the architecture diagram by Friday noon if possible.,NON_COMMITMENT,sales_client,easy,True,False,False,professional,synthetic_curated,Imperative request to another party without mutual commitment.
train_0523,"If any blocker arises with the quotation spreadsheet, I'll notify the channel immediately.",COMMITMENT,engineering,hard,False,True,True,professional,synthetic_curated,Definite promise/undertaking involving the quotation spreadsheet.
train_0524,Marcus will send the customer refund request by end of day tomorrow.,COMMITMENT,project,medium,True,False,True,professional,synthetic_curated,Delegated commitment assigning ownership of the customer refund request to Marcus.
train_0525,I'll double check the figures for the staging deployment tonight.,COMMITMENT,sales_client,easy,True,False,True,professional,synthetic_curated,Definite promise/undertaking involving the staging deployment.
train_0526,I think the staging deployment was already approved by Kavya.,NON_COMMITMENT,operations,medium,False,False,False,professional,synthetic_curated,Non-commitment statement regarding the staging deployment.
train_0527,I'll get David to sign off on the customer refund request before 5 PM today.,COMMITMENT,executive,medium,True,False,True,professional,synthetic_curated,Definite promise/undertaking involving the customer refund request.
train_0528,It would be great if someone could take a look at the updated pitch deck.,NON_COMMITMENT,engineering,hard,False,False,False,professional,synthetic_curated,Non-commitment statement regarding the updated pitch deck.
train_0529,"As soon as the staging server is back up, I will upload the database migration script by 3 PM this afternoon.",COMMITMENT,engineering,medium,True,True,True,professional,synthetic_curated,Conditional commitment triggered upon condition fulfillment.
train_0530,I wonder if David has looked at the quotation spreadsheet yet.,NON_COMMITMENT,project,medium,False,False,False,professional,synthetic_curated,Non-commitment statement regarding the quotation spreadsheet.
train_0531,I'm thinking about working on the database migration script before 5 PM today.,NON_COMMITMENT,project,hard,True,False,True,informal_chat,synthetic_curated,Weak intention ('thinking about') lacks promissory undertaking.
train_0532,I'll double check the figures for the API documentation tonight.,COMMITMENT,sales_client,easy,True,False,True,professional,synthetic_curated,Definite promise/undertaking involving the API documentation.
train_0533,"Count me in for the security audit findings, I will finish it tonight before midnight.",COMMITMENT,academic_student,medium,True,False,True,informal_chat,synthetic_curated,Definite promise/undertaking involving the security audit findings.
train_0534,I think the client proposal was already approved by Ananya.,NON_COMMITMENT,operations,medium,False,False,False,professional,synthetic_curated,Non-commitment statement regarding the client proposal.
train_0535,"Rest assured, I'll investigate the architecture diagram and report back by Friday noon.",COMMITMENT,engineering,easy,True,False,True,professional,synthetic_curated,Definite promise/undertaking involving the architecture diagram.
train_0536,I'll double check the figures for the financial forecast tonight.,COMMITMENT,sales_client,easy,True,False,True,professional,synthetic_curated,Definite promise/undertaking involving the financial forecast.
train_0537,Please send me the revised contract draft before the sprint review tomorrow if possible.,NON_COMMITMENT,sales_client,easy,True,False,False,professional,synthetic_curated,Imperative request to another party without mutual commitment.
train_0538,We will deliver the financial forecast to your team by end of day tomorrow.,COMMITMENT,sales_client,easy,True,False,True,professional,synthetic_curated,Definite promise/undertaking involving the financial forecast.
train_0539,I am going to deliver the user interview transcripts by Wednesday end of day without fail.,COMMITMENT,engineering,easy,True,False,True,professional,synthetic_curated,Direct undertaking with affirmative emphasis and deadline.
train_0540,I hope to finish the sprint retrospective notes soon.,NON_COMMITMENT,operations,hard,False,False,True,professional,synthetic_curated,Aspirational statement ('hope to') without commitment guarantee.
train_0541,Please send me the user interview transcripts within the next two hours if possible.,NON_COMMITMENT,sales_client,easy,True,False,False,professional,synthetic_curated,Imperative request to another party without mutual commitment.
train_0542,"Kavya, kindly make sure the sprint retrospective notes is uploaded within the next two hours.",NON_COMMITMENT,operations,medium,True,False,False,formal_email,synthetic_curated,Directive instructing someone else to perform a task.
train_0543,Why was the sprint retrospective notes not updated in the shared folder?,NON_COMMITMENT,operations,easy,False,False,False,professional,synthetic_curated,Non-commitment statement regarding the sprint retrospective notes.
train_0544,I'll personally verify the API documentation before we ship the release before the sprint review tomorrow.,COMMITMENT,engineering,easy,True,False,True,professional,synthetic_curated,Definite promise/undertaking involving the API documentation.
train_0545,"If any blocker arises with the API documentation, I'll notify the channel immediately.",COMMITMENT,engineering,hard,False,True,True,professional,synthetic_curated,Definite promise/undertaking involving the API documentation.
train_0546,I think the database migration script was already approved by Sneha.,NON_COMMITMENT,operations,medium,False,False,False,professional,synthetic_curated,Non-commitment statement regarding the database migration script.
train_0547,I'll handle the paperwork for the pricing calculator before the client meeting starts.,COMMITMENT,operations,easy,True,False,True,professional,synthetic_curated,Definite promise/undertaking involving the pricing calculator.
train_0548,Who is responsible for preparing the unit test suite?,NON_COMMITMENT,operations,easy,False,False,False,professional,synthetic_curated,Informational inquiry regarding responsibility.
train_0549,Please send me the client proposal by Wednesday end of day if possible.,NON_COMMITMENT,sales_client,easy,True,False,False,professional,synthetic_curated,Imperative request to another party without mutual commitment.
train_0550,I'll get Priya to sign off on the revised contract draft before the sprint review tomorrow.,COMMITMENT,executive,medium,True,False,True,professional,synthetic_curated,Definite promise/undertaking involving the revised contract draft.
train_0551,Is the quotation spreadsheet expected to be completed tonight before midnight?,NON_COMMITMENT,project,easy,True,False,False,professional,synthetic_curated,Non-commitment statement regarding the quotation spreadsheet.
train_0552,Who is responsible for preparing the bug fix patch?,NON_COMMITMENT,operations,easy,False,False,False,professional,synthetic_curated,Informational inquiry regarding responsibility.
train_0553,It would be great if someone could take a look at the bug fix patch.,NON_COMMITMENT,engineering,hard,False,False,False,professional,synthetic_curated,Non-commitment statement regarding the bug fix patch.
train_0554,Sneha will finalize the unit test suite before the sprint review tomorrow.,COMMITMENT,project,medium,True,False,True,professional,synthetic_curated,Delegated commitment assigning ownership of the unit test suite to Sneha.
train_0555,I will follow up with the vendor regarding the slide deck for tomorrow's demo by tomorrow at 10 AM.,COMMITMENT,operations,easy,True,False,True,professional,synthetic_curated,Definite promise/undertaking involving the slide deck for tomorrow's demo.
train_0556,Can we discuss the pricing calculator during our 1-on-1 meeting?,NON_COMMITMENT,project,easy,False,False,False,professional,synthetic_curated,Non-commitment statement regarding the pricing calculator.
train_0557,I'll personally verify the database migration script before we ship the release before the client meeting starts.,COMMITMENT,engineering,easy,True,False,True,professional,synthetic_curated,Definite promise/undertaking involving the database migration script.
train_0558,Could you please review the code review comments when you have a moment?,NON_COMMITMENT,engineering,easy,True,False,False,professional,synthetic_curated,Non-commitment statement regarding the code review comments.
train_0559,I'll personally verify the meeting minutes before we ship the release by Friday noon.,COMMITMENT,engineering,easy,True,False,True,professional,synthetic_curated,Definite promise/undertaking involving the meeting minutes.
train_0560,I'll get Vikram to sign off on the bug fix patch by tomorrow at 10 AM.,COMMITMENT,executive,medium,True,False,True,professional,synthetic_curated,Definite promise/undertaking involving the bug fix patch.
train_0561,I'll get Rohan to sign off on the sprint retrospective notes within the next two hours.,COMMITMENT,executive,medium,True,False,True,professional,synthetic_curated,Definite promise/undertaking involving the sprint retrospective notes.
train_0562,I'm thinking about working on the code review comments first thing Monday morning.,NON_COMMITMENT,project,hard,True,False,True,informal_chat,synthetic_curated,Weak intention ('thinking about') lacks promissory undertaking.
train_0563,It would be great if someone could take a look at the customer refund request.,NON_COMMITMENT,engineering,hard,False,False,False,professional,synthetic_curated,Non-commitment statement regarding the customer refund request.
train_0564,Can you send the staging deployment by tomorrow at 10 AM?,NON_COMMITMENT,project,easy,True,False,False,professional,synthetic_curated,Request/question asking recipient; speaker does not make a commitment.
train_0565,"Rest assured, I'll investigate the customer refund request and report back before 5 PM today.",COMMITMENT,engineering,easy,True,False,True,professional,synthetic_curated,Definite promise/undertaking involving the customer refund request.
train_0566,I'm thinking about working on the slide deck for tomorrow's demo by end of day tomorrow.,NON_COMMITMENT,project,hard,True,False,True,informal_chat,synthetic_curated,Weak intention ('thinking about') lacks promissory undertaking.
train_0567,Can you send the project timeline by Friday noon?,NON_COMMITMENT,project,easy,True,False,False,professional,synthetic_curated,Request/question asking recipient; speaker does not make a commitment.
train_0568,Please send me the database migration script before the client meeting starts if possible.,NON_COMMITMENT,sales_client,easy,True,False,False,professional,synthetic_curated,Imperative request to another party without mutual commitment.
train_0569,We might want to revisit the invoice breakdown next quarter.,NON_COMMITMENT,executive,medium,False,False,False,professional,synthetic_curated,Non-commitment statement regarding the invoice breakdown.
train_0570,We should probably finalize the architecture diagram before the sprint review tomorrow.,NON_COMMITMENT,project,medium,True,False,False,professional,synthetic_curated,Advisory suggestion / opinion ('should probably') without personal undertaking.
train_0571,I might check the database migration script if I get some free time.,NON_COMMITMENT,engineering,hard,False,True,True,informal_chat,synthetic_curated,"Tentative possibility ('might') conditional on free time, not a binding commitment."
train_0572,I'll personally verify the release candidate build before we ship the release by Wednesday end of day.,COMMITMENT,engineering,easy,True,False,True,professional,synthetic_curated,Definite promise/undertaking involving the release candidate build.
train_0573,I'll personally verify the customer refund request before we ship the release before 5 PM today.,COMMITMENT,engineering,easy,True,False,True,professional,synthetic_curated,Definite promise/undertaking involving the customer refund request.
train_0574,I'll prepare the meeting minutes tonight before midnight.,COMMITMENT,engineering,easy,True,False,True,professional,synthetic_curated,Explicit first-person commitment to prepare deliverable with concrete deadline.
train_0575,The production server CPU utilization spiked to 98% at 3 AM.,NON_COMMITMENT,engineering,easy,False,False,False,professional,synthetic_curated,Status event report
train_0576,Is the database migration script expected to be completed before the client meeting starts?,NON_COMMITMENT,project,easy,True,False,False,professional,synthetic_curated,Non-commitment statement regarding the database migration script.
train_0577,I am going to upload the release candidate build before the sprint review tomorrow without fail.,COMMITMENT,engineering,easy,True,False,True,professional,synthetic_curated,Direct undertaking with affirmative emphasis and deadline.
train_0578,I hope to finish the client proposal soon.,NON_COMMITMENT,operations,hard,False,False,True,professional,synthetic_curated,Aspirational statement ('hope to') without commitment guarantee.
train_0579,I'll handle the paperwork for the client proposal by Wednesday end of day.,COMMITMENT,operations,easy,True,False,True,professional,synthetic_curated,Definite promise/undertaking involving the client proposal.
train_0580,I'll get Mayur to sign off on the pricing calculator before the client meeting starts.,COMMITMENT,executive,medium,True,False,True,professional,synthetic_curated,Definite promise/undertaking involving the pricing calculator.
train_0581,I'll get Sneha to sign off on the invoice breakdown before 5 PM today.,COMMITMENT,executive,medium,True,False,True,professional,synthetic_curated,Definite promise/undertaking involving the invoice breakdown.
train_0582,Please send me the API documentation before the sprint review tomorrow if possible.,NON_COMMITMENT,sales_client,easy,True,False,False,professional,synthetic_curated,Imperative request to another party without mutual commitment.
train_0583,I'll personally verify the staging deployment before we ship the release over the weekend.,COMMITMENT,engineering,easy,True,False,True,professional,synthetic_curated,Definite promise/undertaking involving the staging deployment.
train_0584,Can you send the customer refund request over the weekend?,NON_COMMITMENT,project,easy,True,False,False,professional,synthetic_curated,Request/question asking recipient; speaker does not make a commitment.
train_0585,We will deliver the quarterly OKR summary to your team first thing Monday morning.,COMMITMENT,sales_client,easy,True,False,True,professional,synthetic_curated,Definite promise/undertaking involving the quarterly OKR summary.
train_0586,"In my opinion, the user interview transcripts needs a complete redesign.",NON_COMMITMENT,engineering,easy,False,False,False,professional,synthetic_curated,Subjective opinion regarding quality.
train_0587,Haha that meme you posted in general chat was hilarious.,NON_COMMITMENT,academic_student,easy,False,False,False,informal_chat,synthetic_curated,Informal social banter
train_0588,"Count on me for the database seeds, will have them ready in 30 mins.",COMMITMENT,academic_student,medium,True,False,True,informal_chat,synthetic_curated,Informal peer dialogue containing clear intent and action commitment.
train_0589,Did Neha already finish the release candidate build?,NON_COMMITMENT,project,easy,False,False,False,professional,synthetic_curated,Status question about past action.
train_0590,Can you send the sprint retrospective notes by Wednesday end of day?,NON_COMMITMENT,project,easy,True,False,False,professional,synthetic_curated,Request/question asking recipient; speaker does not make a commitment.
train_0591,"Arjun, kindly make sure the financial forecast is uploaded by end of day tomorrow.",NON_COMMITMENT,operations,medium,True,False,False,formal_email,synthetic_curated,Directive instructing someone else to perform a task.
train_0592,"I'll send across the unit test suite by 3 PM this afternoon, promise.",COMMITMENT,personal_errands,easy,True,False,True,professional,synthetic_curated,Definite promise/undertaking involving the unit test suite.
train_0593,We might want to revisit the pricing calculator next quarter.,NON_COMMITMENT,executive,medium,False,False,False,professional,synthetic_curated,Non-commitment statement regarding the pricing calculator.
train_0594,"If you can confirm the numbers, Rohan and I will prepare the API documentation.",COMMITMENT,executive,hard,False,True,True,formal_email,synthetic_curated,Joint conditional commitment tied to user confirmation.
train_0595,We should probably finalize the customer refund request first thing Monday morning.,NON_COMMITMENT,project,medium,True,False,False,professional,synthetic_curated,Advisory suggestion / opinion ('should probably') without personal undertaking.
train_0596,I am going to finalize the API documentation by 3 PM this afternoon without fail.,COMMITMENT,engineering,easy,True,False,True,professional,synthetic_curated,Direct undertaking with affirmative emphasis and deadline.
train_0597,I am going to submit the quotation spreadsheet first thing Monday morning without fail.,COMMITMENT,engineering,easy,True,False,True,professional,synthetic_curated,Direct undertaking with affirmative emphasis and deadline.
train_0598,I might check the API documentation if I get some free time.,NON_COMMITMENT,engineering,hard,False,True,True,informal_chat,synthetic_curated,"Tentative possibility ('might') conditional on free time, not a binding commitment."
train_0599,I'll double check the figures for the unit test suite tonight.,COMMITMENT,sales_client,easy,True,False,True,professional,synthetic_curated,Definite promise/undertaking involving the unit test suite.
train_0600,I hope to finish the pricing calculator soon.,NON_COMMITMENT,operations,hard,False,False,True,professional,synthetic_curated,Aspirational statement ('hope to') without commitment guarantee.
train_0601,Spoke with Marcus; they confirmed they are handling the customer refund request and will send it by end of day tomorrow.,COMMITMENT,operations,medium,True,False,True,informal_chat,synthetic_curated,Confirmed delegated undertaking on behalf of Marcus.
train_0602,I hope to finish the API documentation soon.,NON_COMMITMENT,operations,hard,False,False,True,professional,synthetic_curated,Aspirational statement ('hope to') without commitment guarantee.
train_0603,Please ensure that the invoice breakdown follows the new formatting guidelines.,NON_COMMITMENT,sales_client,easy,False,False,False,professional,synthetic_curated,Non-commitment statement regarding the invoice breakdown.
train_0604,I will upload the latest version of the sprint retrospective notes to Google Drive within the next two hours.,COMMITMENT,project,easy,True,False,True,professional,synthetic_curated,Definite promise/undertaking involving the sprint retrospective notes.
train_0605,We might want to revisit the code review comments next quarter.,NON_COMMITMENT,executive,medium,False,False,False,professional,synthetic_curated,Non-commitment statement regarding the code review comments.
train_0606,I'll upload the release candidate build before the sprint review tomorrow.,COMMITMENT,project,easy,True,False,True,professional,synthetic_curated,Explicit first-person commitment to upload deliverable with concrete deadline.
train_0607,I'm going to take ownership of the project timeline and deliver it by 3 PM this afternoon.,COMMITMENT,project,easy,True,False,True,professional,synthetic_curated,Definite promise/undertaking involving the project timeline.
train_0608,"Rest assured, I'll investigate the project timeline and report back by 3 PM this afternoon.",COMMITMENT,engineering,easy,True,False,True,professional,synthetic_curated,Definite promise/undertaking involving the project timeline.
train_0609,I commit to finalizing the architecture diagram as soon as we resolve the open discussion.,COMMITMENT,sales_client,medium,False,True,True,professional,synthetic_curated,Definite promise/undertaking involving the architecture diagram.
train_0610,We will deliver the API documentation to your team before the sprint review tomorrow.,COMMITMENT,sales_client,easy,True,False,True,professional,synthetic_curated,Definite promise/undertaking involving the API documentation.
train_0611,We might want to revisit the unit test suite next quarter.,NON_COMMITMENT,executive,medium,False,False,False,professional,synthetic_curated,Non-commitment statement regarding the unit test suite.
train_0612,Please send me the invoice breakdown before 5 PM today if possible.,NON_COMMITMENT,sales_client,easy,True,False,False,professional,synthetic_curated,Imperative request to another party without mutual commitment.
train_0613,I'll personally verify the project timeline before we ship the release by 3 PM this afternoon.,COMMITMENT,engineering,easy,True,False,True,professional,synthetic_curated,Definite promise/undertaking involving the project timeline.
train_0614,We will deliver the sprint retrospective notes to your team within the next two hours.,COMMITMENT,sales_client,easy,True,False,True,professional,synthetic_curated,Definite promise/undertaking involving the sprint retrospective notes.
train_0615,I might check the architecture diagram if I get some free time.,NON_COMMITMENT,engineering,hard,False,True,True,informal_chat,synthetic_curated,"Tentative possibility ('might') conditional on free time, not a binding commitment."
train_0616,"I'll send across the customer refund request before 5 PM today, promise.",COMMITMENT,personal_errands,easy,True,False,True,professional,synthetic_curated,Definite promise/undertaking involving the customer refund request.
train_0617,I commit to finalizing the staging deployment as soon as we resolve the open discussion.,COMMITMENT,sales_client,medium,False,True,True,professional,synthetic_curated,Definite promise/undertaking involving the staging deployment.
train_0618,I'll double check the figures for the meeting minutes tonight.,COMMITMENT,sales_client,easy,True,False,True,professional,synthetic_curated,Definite promise/undertaking involving the meeting minutes.
train_0619,Can you send the updated pitch deck by end of day tomorrow?,NON_COMMITMENT,project,easy,True,False,False,professional,synthetic_curated,Request/question asking recipient; speaker does not make a commitment.
train_0620,Can we discuss the code review comments during our 1-on-1 meeting?,NON_COMMITMENT,project,easy,False,False,False,professional,synthetic_curated,Non-commitment statement regarding the code review comments.
train_0621,It would be great if someone could take a look at the pricing calculator.,NON_COMMITMENT,engineering,hard,False,False,False,professional,synthetic_curated,Non-commitment statement regarding the pricing calculator.
train_0622,Please ensure that the financial forecast follows the new formatting guidelines.,NON_COMMITMENT,sales_client,easy,False,False,False,professional,synthetic_curated,Non-commitment statement regarding the financial forecast.
train_0623,I'll handle the paperwork for the security audit findings tonight before midnight.,COMMITMENT,operations,easy,True,False,True,professional,synthetic_curated,Definite promise/undertaking involving the security audit findings.
train_0624,"Rest assured, I'll investigate the meeting minutes and report back by Friday noon.",COMMITMENT,engineering,easy,True,False,True,professional,synthetic_curated,Definite promise/undertaking involving the meeting minutes.
train_0625,Can you send the pricing calculator within the next two hours?,NON_COMMITMENT,project,easy,True,False,False,professional,synthetic_curated,Request/question asking recipient; speaker does not make a commitment.
train_0626,Could you please review the release candidate build when you have a moment?,NON_COMMITMENT,engineering,easy,True,False,False,professional,synthetic_curated,Non-commitment statement regarding the release candidate build.
train_0627,I hope to finish the customer refund request soon.,NON_COMMITMENT,operations,hard,False,False,True,professional,synthetic_curated,Aspirational statement ('hope to') without commitment guarantee.
train_0628,I will follow up with the vendor regarding the sprint retrospective notes within the next two hours.,COMMITMENT,operations,easy,True,False,True,professional,synthetic_curated,Definite promise/undertaking involving the sprint retrospective notes.
train_0629,"In my opinion, the database migration script needs a complete redesign.",NON_COMMITMENT,engineering,easy,False,False,False,professional,synthetic_curated,Subjective opinion regarding quality.
train_0630,Can you send the revised contract draft by 3 PM this afternoon?,NON_COMMITMENT,project,easy,True,False,False,professional,synthetic_curated,Request/question asking recipient; speaker does not make a commitment.
train_0631,I promise to write the staging deployment.,COMMITMENT,operations,easy,False,False,True,professional,synthetic_curated,Explicit promissory statement committing speaker to write the staging deployment.
train_0632,"If any blocker arises with the unit test suite, I'll notify the channel immediately.",COMMITMENT,engineering,hard,False,True,True,professional,synthetic_curated,Definite promise/undertaking involving the unit test suite.
train_0633,"If you can confirm the numbers, Ananya and I will submit the unit test suite.",COMMITMENT,executive,hard,False,True,True,formal_email,synthetic_curated,Joint conditional commitment tied to user confirmation.
train_0634,I'll double check the figures for the client proposal tonight.,COMMITMENT,sales_client,easy,True,False,True,professional,synthetic_curated,Definite promise/undertaking involving the client proposal.
train_0635,Spoke with Ananya; they confirmed they are handling the quotation spreadsheet and will send it by Friday noon.,COMMITMENT,operations,medium,True,False,True,informal_chat,synthetic_curated,Confirmed delegated undertaking on behalf of Ananya.
train_0636,We might want to revisit the customer refund request next quarter.,NON_COMMITMENT,executive,medium,False,False,False,professional,synthetic_curated,Non-commitment statement regarding the customer refund request.
train_0637,I am going to write the code review comments by tomorrow at 10 AM without fail.,COMMITMENT,engineering,easy,True,False,True,professional,synthetic_curated,Direct undertaking with affirmative emphasis and deadline.
train_0638,Can we discuss the release candidate build during our 1-on-1 meeting?,NON_COMMITMENT,project,easy,False,False,False,professional,synthetic_curated,Non-commitment statement regarding the release candidate build.
train_0639,Please send me the updated pitch deck first thing Monday morning if possible.,NON_COMMITMENT,sales_client,easy,True,False,False,professional,synthetic_curated,Imperative request to another party without mutual commitment.
train_0640,Can you send the quarterly OKR summary by end of day tomorrow?,NON_COMMITMENT,project,easy,True,False,False,professional,synthetic_curated,Request/question asking recipient; speaker does not make a commitment.
train_0641,"Sneha, kindly make sure the API documentation is uploaded before the sprint review tomorrow.",NON_COMMITMENT,operations,medium,True,False,False,formal_email,synthetic_curated,Directive instructing someone else to perform a task.
train_0642,Is the customer refund request expected to be completed before 5 PM today?,NON_COMMITMENT,project,easy,True,False,False,professional,synthetic_curated,Non-commitment statement regarding the customer refund request.
train_0643,We will deliver the security audit findings to your team tonight before midnight.,COMMITMENT,sales_client,easy,True,False,True,professional,synthetic_curated,Definite promise/undertaking involving the security audit findings.
train_0644,"Count me in for the database migration script, I will finish it before the client meeting starts.",COMMITMENT,academic_student,medium,True,False,True,informal_chat,synthetic_curated,Definite promise/undertaking involving the database migration script.
train_0645,I will follow up with the vendor regarding the revised contract draft before the sprint review tomorrow.,COMMITMENT,operations,easy,True,False,True,professional,synthetic_curated,Definite promise/undertaking involving the revised contract draft.
train_0646,I promise I'll look into the quotation spreadsheet first thing tomorrow.,COMMITMENT,engineering,easy,True,False,True,professional,synthetic_curated,Definite promise/undertaking involving the quotation spreadsheet.
train_0647,"Rest assured, I'll investigate the quarterly OKR summary and report back first thing Monday morning.",COMMITMENT,engineering,easy,True,False,True,professional,synthetic_curated,Definite promise/undertaking involving the quarterly OKR summary.
train_0648,I hope to finish the financial forecast soon.,NON_COMMITMENT,operations,hard,False,False,True,professional,synthetic_curated,Aspirational statement ('hope to') without commitment guarantee.
train_0649,Could you please review the project timeline when you have a moment?,NON_COMMITMENT,engineering,easy,True,False,False,professional,synthetic_curated,Non-commitment statement regarding the project timeline.
train_0650,Please ensure that the unit test suite follows the new formatting guidelines.,NON_COMMITMENT,sales_client,easy,False,False,False,professional,synthetic_curated,Non-commitment statement regarding the unit test suite.
train_0651,I wonder if Sneha has looked at the database migration script yet.,NON_COMMITMENT,project,medium,False,False,False,professional,synthetic_curated,Non-commitment statement regarding the database migration script.
train_0652,Why was the API documentation not updated in the shared folder?,NON_COMMITMENT,operations,easy,False,False,False,professional,synthetic_curated,Non-commitment statement regarding the API documentation.
train_0653,I'm not sure if the sprint retrospective notes is ready for client review.,NON_COMMITMENT,sales_client,medium,False,False,False,professional,synthetic_curated,Non-commitment statement regarding the sprint retrospective notes.
train_0654,Please send me the quotation spreadsheet tonight before midnight if possible.,NON_COMMITMENT,sales_client,easy,True,False,False,professional,synthetic_curated,Imperative request to another party without mutual commitment.
train_0655,I think the security audit findings was already approved by Chen.,NON_COMMITMENT,operations,medium,False,False,False,professional,synthetic_curated,Non-commitment statement regarding the security audit findings.
train_0656,I promise to write the code review comments.,COMMITMENT,operations,easy,False,False,True,professional,synthetic_curated,Explicit promissory statement committing speaker to write the code review comments.
train_0657,"Count me in for the project timeline, I will finish it by 3 PM this afternoon.",COMMITMENT,academic_student,medium,True,False,True,informal_chat,synthetic_curated,Definite promise/undertaking involving the project timeline.
train_0658,Can we discuss the revised contract draft during our 1-on-1 meeting?,NON_COMMITMENT,project,easy,False,False,False,professional,synthetic_curated,Non-commitment statement regarding the revised contract draft.
train_0659,Can you send the meeting minutes tonight before midnight?,NON_COMMITMENT,project,easy,True,False,False,professional,synthetic_curated,Request/question asking recipient; speaker does not make a commitment.
train_0660,"Neha: Is the conference room free at 4 PM?
Vikram: I think the marketing team booked it until 5.
Neha: Alright, we can just do a Google Meet instead.
Vikram: Works for me.",NON_COMMITMENT,operations,hard,False,False,False,multi_message_messy,synthetic_curated,Messy dialogue containing Logistical room check with no promise.
train_0661,I'll get Elena to sign off on the wireframes for checkout by end of day tomorrow.,COMMITMENT,executive,medium,True,False,True,professional,synthetic_curated,Definite promise/undertaking involving the wireframes for checkout.
train_0662,I commit to finalizing the bug fix patch as soon as we resolve the open discussion.,COMMITMENT,sales_client,medium,False,True,True,professional,synthetic_curated,Definite promise/undertaking involving the bug fix patch.
train_0663,Please send me the customer refund request before 5 PM today if possible.,NON_COMMITMENT,sales_client,easy,True,False,False,professional,synthetic_curated,Imperative request to another party without mutual commitment.
train_0664,I commit to finalizing the invoice breakdown as soon as we resolve the open discussion.,COMMITMENT,sales_client,medium,False,True,True,professional,synthetic_curated,Definite promise/undertaking involving the invoice breakdown.
train_0665,I'll handle the paperwork for the project timeline by 3 PM this afternoon.,COMMITMENT,operations,easy,True,False,True,professional,synthetic_curated,Definite promise/undertaking involving the project timeline.
train_0666,I think the unit test suite was already approved by Neha.,NON_COMMITMENT,operations,medium,False,False,False,professional,synthetic_curated,Non-commitment statement regarding the unit test suite.
train_0667,Please ensure that the bug fix patch follows the new formatting guidelines.,NON_COMMITMENT,sales_client,easy,False,False,False,professional,synthetic_curated,Non-commitment statement regarding the bug fix patch.
train_0668,Spoke with Mayur; they confirmed they are handling the project timeline and will send it before the sprint review tomorrow.,COMMITMENT,operations,medium,True,False,True,informal_chat,synthetic_curated,Confirmed delegated undertaking on behalf of Mayur.
train_0669,"Rest assured, I'll investigate the invoice breakdown and report back before 5 PM today.",COMMITMENT,engineering,easy,True,False,True,professional,synthetic_curated,Definite promise/undertaking involving the invoice breakdown.
train_0670,I'll personally verify the revised contract draft before we ship the release before the sprint review tomorrow.,COMMITMENT,engineering,easy,True,False,True,professional,synthetic_curated,Definite promise/undertaking involving the revised contract draft.
train_0671,I'm going to take ownership of the security audit findings and deliver it tonight before midnight.,COMMITMENT,project,easy,True,False,True,professional,synthetic_curated,Definite promise/undertaking involving the security audit findings.
train_0672,Is the user interview transcripts expected to be completed within the next two hours?,NON_COMMITMENT,project,easy,True,False,False,professional,synthetic_curated,Non-commitment statement regarding the user interview transcripts.
train_0673,I'll handle the paperwork for the financial forecast by end of day tomorrow.,COMMITMENT,operations,easy,True,False,True,professional,synthetic_curated,Definite promise/undertaking involving the financial forecast.
train_0674,Why was the financial forecast not updated in the shared folder?,NON_COMMITMENT,operations,easy,False,False,False,professional,synthetic_curated,Non-commitment statement regarding the financial forecast.
train_0675,"I'll send across the revised contract draft before the sprint review tomorrow, promise.",COMMITMENT,personal_errands,easy,True,False,True,professional,synthetic_curated,Definite promise/undertaking involving the revised contract draft.
train_0676,I hope to finish the architecture diagram soon.,NON_COMMITMENT,operations,hard,False,False,True,professional,synthetic_curated,Aspirational statement ('hope to') without commitment guarantee.
train_0677,I'll double check the figures for the release candidate build tonight.,COMMITMENT,sales_client,easy,True,False,True,professional,synthetic_curated,Definite promise/undertaking involving the release candidate build.
train_0678,Could you please review the architecture diagram when you have a moment?,NON_COMMITMENT,engineering,easy,True,False,False,professional,synthetic_curated,Non-commitment statement regarding the architecture diagram.
train_0679,Why was the quarterly OKR summary not updated in the shared folder?,NON_COMMITMENT,operations,easy,False,False,False,professional,synthetic_curated,Non-commitment statement regarding the quarterly OKR summary.
train_0680,"Understood, I will let you know if we have any further questions.",NON_COMMITMENT,sales_client,easy,False,False,False,informal_chat,synthetic_curated,Standard closing pleasantry
train_0681,We should probably finalize the release candidate build before the client meeting starts.,NON_COMMITMENT,project,medium,True,False,False,professional,synthetic_curated,Advisory suggestion / opinion ('should probably') without personal undertaking.
train_0682,I'll handle the paperwork for the database migration script before the client meeting starts.,COMMITMENT,operations,easy,True,False,True,professional,synthetic_curated,Definite promise/undertaking involving the database migration script.
train_0683,Is the slide deck for tomorrow's demo expected to be completed by tomorrow at 10 AM?,NON_COMMITMENT,project,easy,True,False,False,professional,synthetic_curated,Non-commitment statement regarding the slide deck for tomorrow's demo.
train_0684,Vikram will upload the API documentation by Wednesday end of day.,COMMITMENT,project,medium,True,False,True,professional,synthetic_curated,Delegated commitment assigning ownership of the API documentation to Vikram.
train_0685,I might check the security audit findings if I get some free time.,NON_COMMITMENT,engineering,hard,False,True,True,informal_chat,synthetic_curated,"Tentative possibility ('might') conditional on free time, not a binding commitment."
train_0686,"Rest assured, I'll investigate the security audit findings and report back tonight before midnight.",COMMITMENT,engineering,easy,True,False,True,professional,synthetic_curated,Definite promise/undertaking involving the security audit findings.
train_0687,We should probably finalize the sprint retrospective notes by tomorrow at 10 AM.,NON_COMMITMENT,project,medium,True,False,False,professional,synthetic_curated,Advisory suggestion / opinion ('should probably') without personal undertaking.
train_0688,I promise to submit the security audit findings.,COMMITMENT,operations,easy,False,False,True,professional,synthetic_curated,Explicit promissory statement committing speaker to submit the security audit findings.
train_0689,Please ensure that the security audit findings follows the new formatting guidelines.,NON_COMMITMENT,sales_client,easy,False,False,False,professional,synthetic_curated,Non-commitment statement regarding the security audit findings.
train_0690,Did Rohan already finish the client proposal?,NON_COMMITMENT,project,easy,False,False,False,professional,synthetic_curated,Status question about past action.
train_0691,I'll get Kavya to sign off on the updated pitch deck first thing Monday morning.,COMMITMENT,executive,medium,True,False,True,professional,synthetic_curated,Definite promise/undertaking involving the updated pitch deck.
train_0692,I will follow up with the vendor regarding the code review comments over the weekend.,COMMITMENT,operations,easy,True,False,True,professional,synthetic_curated,Definite promise/undertaking involving the code review comments.
train_0693,"I'll send across the release candidate build by Wednesday end of day, promise.",COMMITMENT,personal_errands,easy,True,False,True,professional,synthetic_curated,Definite promise/undertaking involving the release candidate build.
train_0694,"Count me in for the wireframes for checkout, I will finish it by end of day tomorrow.",COMMITMENT,academic_student,medium,True,False,True,informal_chat,synthetic_curated,Definite promise/undertaking involving the wireframes for checkout.
train_0695,"bro don't stress, I'll finish my part of the slides before midnight.",COMMITMENT,academic_student,medium,True,False,True,informal_chat,synthetic_curated,Informal peer dialogue containing clear intent and action commitment.
train_0696,Spoke with Kavya; they confirmed they are handling the slide deck for tomorrow's demo and will send it over the weekend.,COMMITMENT,operations,medium,True,False,True,informal_chat,synthetic_curated,Confirmed delegated undertaking on behalf of Kavya.
train_0697,I'll double check the figures for the database migration script tonight.,COMMITMENT,sales_client,easy,True,False,True,professional,synthetic_curated,Definite promise/undertaking involving the database migration script.
train_0698,I might check the staging deployment if I get some free time.,NON_COMMITMENT,engineering,hard,False,True,True,informal_chat,synthetic_curated,"Tentative possibility ('might') conditional on free time, not a binding commitment."
train_0699,I will upload the latest version of the architecture diagram to Google Drive by Friday noon.,COMMITMENT,project,easy,True,False,True,professional,synthetic_curated,Definite promise/undertaking involving the architecture diagram.
train_0700,Please ensure that the wireframes for checkout follows the new formatting guidelines.,NON_COMMITMENT,sales_client,easy,False,False,False,professional,synthetic_curated,Non-commitment statement regarding the wireframes for checkout.
