id,text,label,domain,difficulty,has_deadline,has_condition,has_owner,language_style,source_type,reason
train_0001,I think the invoice breakdown was already approved by Sneha.,NON_COMMITMENT,operations,medium,False,False,False,professional,synthetic_curated,Non-commitment statement regarding the invoice breakdown.
train_0002,I'm going to take ownership of the client proposal and deliver it by Wednesday end of day.,COMMITMENT,project,easy,True,False,True,professional,synthetic_curated,Definite promise/undertaking involving the client proposal.
train_0003,"Count me in for the API documentation, I will finish it before the sprint review tomorrow.",COMMITMENT,academic_student,medium,True,False,True,informal_chat,synthetic_curated,Definite promise/undertaking involving the API documentation.
train_0004,"If any blocker arises with the staging deployment, I'll notify the channel immediately.",COMMITMENT,engineering,hard,False,True,True,professional,synthetic_curated,Definite promise/undertaking involving the staging deployment.
train_0005,I commit to finalizing the API documentation as soon as we resolve the open discussion.,COMMITMENT,sales_client,medium,False,True,True,professional,synthetic_curated,Definite promise/undertaking involving the API documentation.
train_0006,I'll handle the paperwork for the meeting minutes by Friday noon.,COMMITMENT,operations,easy,True,False,True,professional,synthetic_curated,Definite promise/undertaking involving the meeting minutes.
train_0007,I promise to compile the customer refund request.,COMMITMENT,sales_client,easy,False,False,True,professional,synthetic_curated,Explicit promissory statement committing speaker to compile the customer refund request.
train_0008,Can we discuss the updated pitch deck during our 1-on-1 meeting?,NON_COMMITMENT,project,easy,False,False,False,professional,synthetic_curated,Non-commitment statement regarding the updated pitch deck.
train_0009,I will follow up with the vendor regarding the release candidate build by Wednesday end of day.,COMMITMENT,operations,easy,True,False,True,professional,synthetic_curated,Definite promise/undertaking involving the release candidate build.
train_0010,I commit to finalizing the release candidate build as soon as we resolve the open discussion.,COMMITMENT,sales_client,medium,False,True,True,professional,synthetic_curated,Definite promise/undertaking involving the release candidate build.
train_0011,"If you can confirm the numbers, Kavya and I will upload the database migration script.",COMMITMENT,executive,hard,False,True,True,formal_email,synthetic_curated,Joint conditional commitment tied to user confirmation.
train_0012,"Mayur, kindly make sure the quotation spreadsheet is uploaded tonight before midnight.",NON_COMMITMENT,operations,medium,True,False,False,formal_email,synthetic_curated,Directive instructing someone else to perform a task.
train_0013,"In my opinion, the unit test suite needs a complete redesign.",NON_COMMITMENT,engineering,easy,False,False,False,professional,synthetic_curated,Subjective opinion regarding quality.
train_0014,Did Mayur already finish the unit test suite?,NON_COMMITMENT,project,easy,False,False,False,professional,synthetic_curated,Status question about past action.
train_0015,Did Vikram already finish the invoice breakdown?,NON_COMMITMENT,project,easy,False,False,False,professional,synthetic_curated,Status question about past action.
train_0016,I promise to upload the release candidate build.,COMMITMENT,operations,easy,False,False,True,professional,synthetic_curated,Explicit promissory statement committing speaker to upload the release candidate build.
train_0017,"I'll send across the bug fix patch by tomorrow at 10 AM, promise.",COMMITMENT,personal_errands,easy,True,False,True,professional,synthetic_curated,Definite promise/undertaking involving the bug fix patch.
train_0018,Did Arjun already finish the quotation spreadsheet?,NON_COMMITMENT,project,easy,False,False,False,professional,synthetic_curated,Status question about past action.
train_0019,I'm thinking about working on the architecture diagram by Wednesday end of day.,NON_COMMITMENT,project,hard,True,False,True,informal_chat,synthetic_curated,Weak intention ('thinking about') lacks promissory undertaking.
train_0020,I might check the customer refund request if I get some free time.,NON_COMMITMENT,engineering,hard,False,True,True,informal_chat,synthetic_curated,"Tentative possibility ('might') conditional on free time, not a binding commitment."
train_0021,"If any blocker arises with the code review comments, I'll notify the channel immediately.",COMMITMENT,engineering,hard,False,True,True,professional,synthetic_curated,Definite promise/undertaking involving the code review comments.
train_0022,I'll double check the figures for the customer refund request tonight.,COMMITMENT,sales_client,easy,True,False,True,professional,synthetic_curated,Definite promise/undertaking involving the customer refund request.
train_0023,Why was the database migration script not updated in the shared folder?,NON_COMMITMENT,operations,easy,False,False,False,professional,synthetic_curated,Non-commitment statement regarding the database migration script.
train_0024,Why was the release candidate build not updated in the shared folder?,NON_COMMITMENT,operations,easy,False,False,False,professional,synthetic_curated,Non-commitment statement regarding the release candidate build.
train_0025,I will make sure Mayur receives the the pricing calculator before the client meeting starts.,COMMITMENT,project,medium,True,False,True,professional,synthetic_curated,Definite promise/undertaking involving the pricing calculator.
train_0026,Who is responsible for preparing the API documentation?,NON_COMMITMENT,operations,easy,False,False,False,professional,synthetic_curated,Informational inquiry regarding responsibility.
train_0027,"In my opinion, the staging deployment needs a complete redesign.",NON_COMMITMENT,engineering,easy,False,False,False,professional,synthetic_curated,Subjective opinion regarding quality.
train_0028,I will follow up with the vendor regarding the meeting minutes by Friday noon.,COMMITMENT,operations,easy,True,False,True,professional,synthetic_curated,Definite promise/undertaking involving the meeting minutes.
train_0029,Spoke with Kavya; they confirmed they are handling the client proposal and will send it within the next two hours.,COMMITMENT,operations,medium,True,False,True,informal_chat,synthetic_curated,Confirmed delegated undertaking on behalf of Kavya.
train_0030,I promise to prepare the architecture diagram.,COMMITMENT,sales_client,easy,False,False,True,professional,synthetic_curated,Explicit promissory statement committing speaker to prepare the architecture diagram.
train_0031,We will deliver the meeting minutes to your team by Friday noon.,COMMITMENT,sales_client,easy,True,False,True,professional,synthetic_curated,Definite promise/undertaking involving the meeting minutes.
train_0032,Spoke with Alex; they confirmed they are handling the bug fix patch and will send it over the weekend.,COMMITMENT,operations,medium,True,False,True,informal_chat,synthetic_curated,Confirmed delegated undertaking on behalf of Alex.
train_0033,"If any blocker arises with the updated pitch deck, I'll notify the channel immediately.",COMMITMENT,engineering,hard,False,True,True,professional,synthetic_curated,Definite promise/undertaking involving the updated pitch deck.
train_0034,I'm thinking about working on the staging deployment first thing Monday morning.,NON_COMMITMENT,project,hard,True,False,True,informal_chat,synthetic_curated,Weak intention ('thinking about') lacks promissory undertaking.
train_0035,I commit to finalizing the project timeline as soon as we resolve the open discussion.,COMMITMENT,sales_client,medium,False,True,True,professional,synthetic_curated,Definite promise/undertaking involving the project timeline.
train_0036,I'm going to take ownership of the customer refund request and deliver it before 5 PM today.,COMMITMENT,project,easy,True,False,True,professional,synthetic_curated,Definite promise/undertaking involving the customer refund request.
train_0037,"Provided the budget gets cleared by finance, I will deliver the bug fix patch before the sprint review tomorrow.",COMMITMENT,sales_client,medium,True,True,True,professional,synthetic_curated,Conditional commitment triggered upon condition fulfillment.
train_0038,"Arjun, kindly make sure the meeting minutes is uploaded by Friday noon.",NON_COMMITMENT,operations,medium,True,False,False,formal_email,synthetic_curated,Directive instructing someone else to perform a task.
train_0039,"Great job on the demo presentation today everyone, loved the slides.",NON_COMMITMENT,executive,easy,False,False,False,informal_chat,synthetic_curated,Praise / acknowledgment
train_0040,I will make sure Vikram receives the the financial forecast by end of day tomorrow.,COMMITMENT,project,medium,True,False,True,professional,synthetic_curated,Definite promise/undertaking involving the financial forecast.
train_0041,I'm thinking about working on the customer refund request tonight before midnight.,NON_COMMITMENT,project,hard,True,False,True,informal_chat,synthetic_curated,Weak intention ('thinking about') lacks promissory undertaking.
train_0042,"Count me in for the updated pitch deck, I will finish it first thing Monday morning.",COMMITMENT,academic_student,medium,True,False,True,informal_chat,synthetic_curated,Definite promise/undertaking involving the updated pitch deck.
train_0043,I wonder if Kavya has looked at the updated pitch deck yet.,NON_COMMITMENT,project,medium,False,False,False,professional,synthetic_curated,Non-commitment statement regarding the updated pitch deck.
train_0044,"I'll send across the quotation spreadsheet tonight before midnight, promise.",COMMITMENT,personal_errands,easy,True,False,True,professional,synthetic_curated,Definite promise/undertaking involving the quotation spreadsheet.
train_0045,"Vikram, kindly make sure the client proposal is uploaded by Wednesday end of day.",NON_COMMITMENT,operations,medium,True,False,False,formal_email,synthetic_curated,Directive instructing someone else to perform a task.
train_0046,Our current sprint contains 34 story points with 5 days remaining.,NON_COMMITMENT,project,easy,False,False,False,professional,synthetic_curated,Sprint status fact
train_0047,Please send me the wireframes for checkout by end of day tomorrow if possible.,NON_COMMITMENT,sales_client,easy,True,False,False,professional,synthetic_curated,Imperative request to another party without mutual commitment.
train_0048,I promise to send the financial forecast.,COMMITMENT,operations,easy,False,False,True,professional,synthetic_curated,Explicit promissory statement committing speaker to send the financial forecast.
train_0049,Spoke with Vikram; they confirmed they are handling the pricing calculator and will send it by tomorrow at 10 AM.,COMMITMENT,operations,medium,True,False,True,informal_chat,synthetic_curated,Confirmed delegated undertaking on behalf of Vikram.
train_0050,I might check the quarterly OKR summary if I get some free time.,NON_COMMITMENT,engineering,hard,False,True,True,informal_chat,synthetic_curated,"Tentative possibility ('might') conditional on free time, not a binding commitment."
train_0051,I'm going to take ownership of the bug fix patch and deliver it by tomorrow at 10 AM.,COMMITMENT,project,easy,True,False,True,professional,synthetic_curated,Definite promise/undertaking involving the bug fix patch.
train_0052,Rahul will email the wireframes for checkout first thing Monday morning.,COMMITMENT,project,medium,True,False,True,professional,synthetic_curated,Delegated commitment assigning ownership of the wireframes for checkout to Rahul.
train_0053,Please rest assured that our team will deliver the comprehensive audit report by end of business Thursday.,COMMITMENT,executive,easy,True,False,True,formal_email,synthetic_curated,Formal business commitment with explicit timeline and deliverable.
train_0054,"I'll send across the quarterly OKR summary first thing Monday morning, promise.",COMMITMENT,personal_errands,easy,True,False,True,professional,synthetic_curated,Definite promise/undertaking involving the quarterly OKR summary.
train_0055,"Count me in for the invoice breakdown, I will finish it before 5 PM today.",COMMITMENT,academic_student,medium,True,False,True,informal_chat,synthetic_curated,Definite promise/undertaking involving the invoice breakdown.
train_0056,I will follow up with the vendor regarding the API documentation before the sprint review tomorrow.,COMMITMENT,operations,easy,True,False,True,professional,synthetic_curated,Definite promise/undertaking involving the API documentation.
train_0057,"Elena: Hey, did anyone write the lab report for experiment 4?
Alex: Not yet, everyone is busy with midterms.
Elena: Okay, I'll write the intro and methodology tonight and upload it to the drive.
Alex: Lifesaver!",COMMITMENT,academic_student,hard,True,False,True,multi_message_messy,synthetic_curated,Messy dialogue containing firm commitment clause: 'I'll write the intro and methodology tonight and upload it to the drive'.
train_0058,I'll upload the client proposal before the sprint review tomorrow.,COMMITMENT,project,easy,True,False,True,professional,synthetic_curated,Explicit first-person commitment to upload deliverable with concrete deadline.
train_0059,"If any blocker arises with the release candidate build, I'll notify the channel immediately.",COMMITMENT,engineering,hard,False,True,True,professional,synthetic_curated,Definite promise/undertaking involving the release candidate build.
train_0060,I'll get Alex to sign off on the quarterly OKR summary first thing Monday morning.,COMMITMENT,executive,medium,True,False,True,professional,synthetic_curated,Definite promise/undertaking involving the quarterly OKR summary.
train_0061,I'll personally verify the sprint retrospective notes before we ship the release within the next two hours.,COMMITMENT,engineering,easy,True,False,True,professional,synthetic_curated,Definite promise/undertaking involving the sprint retrospective notes.
train_0062,Please ensure that the architecture diagram follows the new formatting guidelines.,NON_COMMITMENT,sales_client,easy,False,False,False,professional,synthetic_curated,Non-commitment statement regarding the architecture diagram.
train_0063,I'll double check the figures for the project timeline tonight.,COMMITMENT,sales_client,easy,True,False,True,professional,synthetic_curated,Definite promise/undertaking involving the project timeline.
train_0064,Please ensure that the revised contract draft follows the new formatting guidelines.,NON_COMMITMENT,sales_client,easy,False,False,False,professional,synthetic_curated,Non-commitment statement regarding the revised contract draft.
train_0065,Could you please review the customer refund request when you have a moment?,NON_COMMITMENT,engineering,easy,True,False,False,professional,synthetic_curated,Non-commitment statement regarding the customer refund request.
train_0066,Please ensure that the release candidate build follows the new formatting guidelines.,NON_COMMITMENT,sales_client,easy,False,False,False,professional,synthetic_curated,Non-commitment statement regarding the release candidate build.
train_0067,I think the user interview transcripts was already approved by Neha.,NON_COMMITMENT,operations,medium,False,False,False,professional,synthetic_curated,Non-commitment statement regarding the user interview transcripts.
train_0068,Spoke with Neha; they confirmed they are handling the meeting minutes and will send it by 3 PM this afternoon.,COMMITMENT,operations,medium,True,False,True,informal_chat,synthetic_curated,Confirmed delegated undertaking on behalf of Neha.
train_0069,David will draft the sprint retrospective notes before the client meeting starts.,COMMITMENT,project,medium,True,False,True,professional,synthetic_curated,Delegated commitment assigning ownership of the sprint retrospective notes to David.
train_0070,I wonder if Alex has looked at the quarterly OKR summary yet.,NON_COMMITMENT,project,medium,False,False,False,professional,synthetic_curated,Non-commitment statement regarding the quarterly OKR summary.
train_0071,I'll double check the figures for the quotation spreadsheet tonight.,COMMITMENT,sales_client,easy,True,False,True,professional,synthetic_curated,Definite promise/undertaking involving the quotation spreadsheet.
train_0072,Did Arjun already finish the revised contract draft?,NON_COMMITMENT,project,easy,False,False,False,professional,synthetic_curated,Status question about past action.
train_0073,"Count me in for the user interview transcripts, I will finish it within the next two hours.",COMMITMENT,academic_student,medium,True,False,True,informal_chat,synthetic_curated,Definite promise/undertaking involving the user interview transcripts.
train_0074,I will make sure Neha receives the the unit test suite by 3 PM this afternoon.,COMMITMENT,project,medium,True,False,True,professional,synthetic_curated,Definite promise/undertaking involving the unit test suite.
train_0075,I'll handle the paperwork for the staging deployment over the weekend.,COMMITMENT,operations,easy,True,False,True,professional,synthetic_curated,Definite promise/undertaking involving the staging deployment.
train_0076,I'll prepare the architecture diagram tonight before midnight.,COMMITMENT,engineering,easy,True,False,True,professional,synthetic_curated,Explicit first-person commitment to prepare deliverable with concrete deadline.
train_0077,"Awesome, thanks! 👍",NON_COMMITMENT,academic_student,easy,False,False,False,informal_chat,synthetic_curated,Brief conversational confirmation
train_0078,Neha will email the financial forecast first thing Monday morning.,COMMITMENT,project,medium,True,False,True,professional,synthetic_curated,Delegated commitment assigning ownership of the financial forecast to Neha.
train_0079,We might want to revisit the security audit findings next quarter.,NON_COMMITMENT,executive,medium,False,False,False,professional,synthetic_curated,Non-commitment statement regarding the security audit findings.
train_0080,Can we discuss the user interview transcripts during our 1-on-1 meeting?,NON_COMMITMENT,project,easy,False,False,False,professional,synthetic_curated,Non-commitment statement regarding the user interview transcripts.
train_0081,It would be great if someone could take a look at the wireframes for checkout.,NON_COMMITMENT,engineering,hard,False,False,False,professional,synthetic_curated,Non-commitment statement regarding the wireframes for checkout.
train_0082,I will follow up with the vendor regarding the bug fix patch by tomorrow at 10 AM.,COMMITMENT,operations,easy,True,False,True,professional,synthetic_curated,Definite promise/undertaking involving the bug fix patch.
train_0083,I'm going to take ownership of the quarterly OKR summary and deliver it first thing Monday morning.,COMMITMENT,project,easy,True,False,True,professional,synthetic_curated,Definite promise/undertaking involving the quarterly OKR summary.
train_0084,"In my opinion, the security audit findings needs a complete redesign.",NON_COMMITMENT,engineering,easy,False,False,False,professional,synthetic_curated,Subjective opinion regarding quality.
train_0085,I'll draft the pricing calculator within the next two hours.,COMMITMENT,project,easy,True,False,True,professional,synthetic_curated,Explicit first-person commitment to draft deliverable with concrete deadline.
train_0086,Rahul and Priya attended the design review yesterday afternoon.,NON_COMMITMENT,project,easy,False,False,False,professional,synthetic_curated,Past event summary
train_0087,It would be great if someone could take a look at the quarterly OKR summary.,NON_COMMITMENT,engineering,hard,False,False,False,professional,synthetic_curated,Non-commitment statement regarding the quarterly OKR summary.
train_0088,The contract includes a standard 30-day cancellation clause.,NON_COMMITMENT,sales_client,easy,False,False,False,professional,synthetic_curated,Contractual statement of fact
train_0089,We should probably finalize the security audit findings by 3 PM this afternoon.,NON_COMMITMENT,project,medium,True,False,False,professional,synthetic_curated,Advisory suggestion / opinion ('should probably') without personal undertaking.
train_0090,We will deliver the architecture diagram to your team by Friday noon.,COMMITMENT,sales_client,easy,True,False,True,professional,synthetic_curated,Definite promise/undertaking involving the architecture diagram.
train_0091,It would be great if someone could take a look at the API documentation.,NON_COMMITMENT,engineering,hard,False,False,False,professional,synthetic_curated,Non-commitment statement regarding the API documentation.
train_0092,I will upload the latest version of the user interview transcripts to Google Drive within the next two hours.,COMMITMENT,project,easy,True,False,True,professional,synthetic_curated,Definite promise/undertaking involving the user interview transcripts.
train_0093,"If any blocker arises with the slide deck for tomorrow's demo, I'll notify the channel immediately.",COMMITMENT,engineering,hard,False,True,True,professional,synthetic_curated,Definite promise/undertaking involving the slide deck for tomorrow's demo.
train_0094,"Sounds good to me, see you all in the meeting room in five minutes.",NON_COMMITMENT,project,easy,False,False,False,informal_chat,synthetic_curated,Meeting transition acknowledgment
train_0095,Why was the security audit findings not updated in the shared folder?,NON_COMMITMENT,operations,easy,False,False,False,professional,synthetic_curated,Non-commitment statement regarding the security audit findings.
train_0096,We might want to revisit the staging deployment next quarter.,NON_COMMITMENT,executive,medium,False,False,False,professional,synthetic_curated,Non-commitment statement regarding the staging deployment.
train_0097,I think the bug fix patch was already approved by Vikram.,NON_COMMITMENT,operations,medium,False,False,False,professional,synthetic_curated,Non-commitment statement regarding the bug fix patch.
train_0098,We will deliver the code review comments to your team over the weekend.,COMMITMENT,sales_client,easy,True,False,True,professional,synthetic_curated,Definite promise/undertaking involving the code review comments.
train_0099,"Happy Friday everyone, have a wonderful weekend!",NON_COMMITMENT,operations,easy,False,False,False,informal_chat,synthetic_curated,Weekend greeting
train_0100,I'm thinking about working on the revised contract draft before the client meeting starts.,NON_COMMITMENT,project,hard,True,False,True,informal_chat,synthetic_curated,Weak intention ('thinking about') lacks promissory undertaking.
train_0101,I'll share the bug fix patch before the client meeting starts.,COMMITMENT,engineering,easy,True,False,True,professional,synthetic_curated,Explicit first-person commitment to share deliverable with concrete deadline.
train_0102,Is the API documentation expected to be completed before the sprint review tomorrow?,NON_COMMITMENT,project,easy,True,False,False,professional,synthetic_curated,Non-commitment statement regarding the API documentation.
train_0103,Arjun will prepare the security audit findings by Friday noon.,COMMITMENT,project,medium,True,False,True,professional,synthetic_curated,Delegated commitment assigning ownership of the security audit findings to Arjun.
train_0104,"Count me in for the pricing calculator, I will finish it before the client meeting starts.",COMMITMENT,academic_student,medium,True,False,True,informal_chat,synthetic_curated,Definite promise/undertaking involving the pricing calculator.
train_0105,I wonder if Rohan has looked at the code review comments yet.,NON_COMMITMENT,project,medium,False,False,False,professional,synthetic_curated,Non-commitment statement regarding the code review comments.
train_0106,"Rahul: Did you see the updated Figma links?
Priya: Yes, looking at them now.
Rahul: The mobile layout looks a bit cramped.
Priya: Agreed, let's bring it up in tomorrow's design critique.",NON_COMMITMENT,project,hard,False,False,False,multi_message_messy,synthetic_curated,Messy dialogue containing Discussion evaluating design without actionable promise.
train_0107,Who is responsible for preparing the code review comments?,NON_COMMITMENT,operations,easy,False,False,False,professional,synthetic_curated,Informational inquiry regarding responsibility.
train_0108,I might check the unit test suite if I get some free time.,NON_COMMITMENT,engineering,hard,False,True,True,informal_chat,synthetic_curated,"Tentative possibility ('might') conditional on free time, not a binding commitment."
train_0109,Is the unit test suite expected to be completed by 3 PM this afternoon?,NON_COMMITMENT,project,easy,True,False,False,professional,synthetic_curated,Non-commitment statement regarding the unit test suite.
train_0110,I am writing to confirm that I will personally oversee the deployment and ensure the hotfix is live by 6 AM tomorrow.,COMMITMENT,executive,easy,True,False,True,formal_email,synthetic_curated,Formal business commitment with explicit timeline and deliverable.
train_0111,Who is responsible for preparing the architecture diagram?,NON_COMMITMENT,operations,easy,False,False,False,professional,synthetic_curated,Informational inquiry regarding responsibility.
train_0112,It would be great if someone could take a look at the architecture diagram.,NON_COMMITMENT,engineering,hard,False,False,False,professional,synthetic_curated,Non-commitment statement regarding the architecture diagram.
train_0113,Can we discuss the quarterly OKR summary during our 1-on-1 meeting?,NON_COMMITMENT,project,easy,False,False,False,professional,synthetic_curated,Non-commitment statement regarding the quarterly OKR summary.
train_0114,It would be great if someone could take a look at the slide deck for tomorrow's demo.,NON_COMMITMENT,engineering,hard,False,False,False,professional,synthetic_curated,Non-commitment statement regarding the slide deck for tomorrow's demo.
train_0115,I'll handle the paperwork for the quotation spreadsheet tonight before midnight.,COMMITMENT,operations,easy,True,False,True,professional,synthetic_curated,Definite promise/undertaking involving the quotation spreadsheet.
train_0116,I will make sure Priya receives the the revised contract draft before the sprint review tomorrow.,COMMITMENT,project,medium,True,False,True,professional,synthetic_curated,Definite promise/undertaking involving the revised contract draft.
train_0117,"Assuming Arjun finishes reviewing the PR, I will deploy the client proposal tonight before midnight.",COMMITMENT,engineering,medium,True,True,True,professional,synthetic_curated,Conditional commitment triggered upon condition fulfillment.
train_0118,I'm going to take ownership of the invoice breakdown and deliver it before 5 PM today.,COMMITMENT,project,easy,True,False,True,professional,synthetic_curated,Definite promise/undertaking involving the invoice breakdown.
train_0119,I will make sure Marcus receives the the meeting minutes by Friday noon.,COMMITMENT,project,medium,True,False,True,professional,synthetic_curated,Definite promise/undertaking involving the meeting minutes.
train_0120,We should probably finalize the updated pitch deck by Friday noon.,NON_COMMITMENT,project,medium,True,False,False,professional,synthetic_curated,Advisory suggestion / opinion ('should probably') without personal undertaking.
train_0121,Please ensure that the API documentation follows the new formatting guidelines.,NON_COMMITMENT,sales_client,easy,False,False,False,professional,synthetic_curated,Non-commitment statement regarding the API documentation.
train_0122,"Rest assured, I'll investigate the revised contract draft and report back before the sprint review tomorrow.",COMMITMENT,engineering,easy,True,False,True,professional,synthetic_curated,Definite promise/undertaking involving the revised contract draft.
train_0123,Is the invoice breakdown expected to be completed before 5 PM today?,NON_COMMITMENT,project,easy,True,False,False,professional,synthetic_curated,Non-commitment statement regarding the invoice breakdown.
train_0124,"Further to our telephone discussion, I will forward the executed partnership agreement to your office by Monday morning.",COMMITMENT,executive,easy,True,False,True,formal_email,synthetic_curated,Formal business commitment with explicit timeline and deliverable.
train_0125,I'll submit the quotation spreadsheet first thing Monday morning.,COMMITMENT,project,easy,True,False,True,professional,synthetic_curated,Explicit first-person commitment to submit deliverable with concrete deadline.
train_0126,"If you can confirm the numbers, Elena and I will draft the staging deployment.",COMMITMENT,executive,hard,False,True,True,formal_email,synthetic_curated,Joint conditional commitment tied to user confirmation.
train_0127,I will make sure Rohan receives the the sprint retrospective notes within the next two hours.,COMMITMENT,project,medium,True,False,True,professional,synthetic_curated,Definite promise/undertaking involving the sprint retrospective notes.
train_0128,I'll email the quarterly OKR summary by end of day tomorrow.,COMMITMENT,engineering,easy,True,False,True,professional,synthetic_curated,Explicit first-person commitment to email deliverable with concrete deadline.
train_0129,I wonder if Sneha has looked at the invoice breakdown yet.,NON_COMMITMENT,project,medium,False,False,False,professional,synthetic_curated,Non-commitment statement regarding the invoice breakdown.
train_0130,Is the quarterly OKR summary expected to be completed first thing Monday morning?,NON_COMMITMENT,project,easy,True,False,False,professional,synthetic_curated,Non-commitment statement regarding the quarterly OKR summary.
train_0131,I'll personally verify the slide deck for tomorrow's demo before we ship the release by tomorrow at 10 AM.,COMMITMENT,engineering,easy,True,False,True,professional,synthetic_curated,Definite promise/undertaking involving the slide deck for tomorrow's demo.
train_0132,I hope to finish the revised contract draft soon.,NON_COMMITMENT,operations,hard,False,False,True,professional,synthetic_curated,Aspirational statement ('hope to') without commitment guarantee.
train_0133,Could you please review the quarterly OKR summary when you have a moment?,NON_COMMITMENT,engineering,easy,True,False,False,professional,synthetic_curated,Non-commitment statement regarding the quarterly OKR summary.
train_0134,Is the sprint retrospective notes expected to be completed within the next two hours?,NON_COMMITMENT,project,easy,True,False,False,professional,synthetic_curated,Non-commitment statement regarding the sprint retrospective notes.
train_0135,I'll handle the paperwork for the quarterly OKR summary first thing Monday morning.,COMMITMENT,operations,easy,True,False,True,professional,synthetic_curated,Definite promise/undertaking involving the quarterly OKR summary.
train_0136,Please ensure that the user interview transcripts follows the new formatting guidelines.,NON_COMMITMENT,sales_client,easy,False,False,False,professional,synthetic_curated,Non-commitment statement regarding the user interview transcripts.
train_0137,I might check the sprint retrospective notes if I get some free time.,NON_COMMITMENT,engineering,hard,False,True,True,informal_chat,synthetic_curated,"Tentative possibility ('might') conditional on free time, not a binding commitment."
train_0138,Who is responsible for preparing the project timeline?,NON_COMMITMENT,operations,easy,False,False,False,professional,synthetic_curated,Informational inquiry regarding responsibility.
train_0139,"I'll send across the code review comments over the weekend, promise.",COMMITMENT,personal_errands,easy,True,False,True,professional,synthetic_curated,Definite promise/undertaking involving the code review comments.
train_0140,I'll handle the paperwork for the customer refund request before 5 PM today.,COMMITMENT,operations,easy,True,False,True,professional,synthetic_curated,Definite promise/undertaking involving the customer refund request.
train_0141,Can you send the user interview transcripts by Wednesday end of day?,NON_COMMITMENT,project,easy,True,False,False,professional,synthetic_curated,Request/question asking recipient; speaker does not make a commitment.
train_0142,It would be great if someone could take a look at the code review comments.,NON_COMMITMENT,engineering,hard,False,False,False,professional,synthetic_curated,Non-commitment statement regarding the code review comments.
train_0143,I promise to deliver the user interview transcripts.,COMMITMENT,sales_client,easy,False,False,True,professional,synthetic_curated,Explicit promissory statement committing speaker to deliver the user interview transcripts.
train_0144,I will upload the latest version of the invoice breakdown to Google Drive before 5 PM today.,COMMITMENT,project,easy,True,False,True,professional,synthetic_curated,Definite promise/undertaking involving the invoice breakdown.
train_0145,I will make sure Rohan receives the the code review comments over the weekend.,COMMITMENT,project,medium,True,False,True,professional,synthetic_curated,Definite promise/undertaking involving the code review comments.
train_0146,Is the updated pitch deck expected to be completed first thing Monday morning?,NON_COMMITMENT,project,easy,True,False,False,professional,synthetic_curated,Non-commitment statement regarding the updated pitch deck.
train_0147,I will follow up with the vendor regarding the financial forecast by end of day tomorrow.,COMMITMENT,operations,easy,True,False,True,professional,synthetic_curated,Definite promise/undertaking involving the financial forecast.
train_0148,Who is responsible for preparing the slide deck for tomorrow's demo?,NON_COMMITMENT,operations,easy,False,False,False,professional,synthetic_curated,Informational inquiry regarding responsibility.
train_0149,"If you can confirm the numbers, David and I will deliver the bug fix patch.",COMMITMENT,executive,hard,False,True,True,formal_email,synthetic_curated,Joint conditional commitment tied to user confirmation.
train_0150,I wonder if Arjun has looked at the architecture diagram yet.,NON_COMMITMENT,project,medium,False,False,False,professional,synthetic_curated,Non-commitment statement regarding the architecture diagram.
train_0151,Is the security audit findings expected to be completed tonight before midnight?,NON_COMMITMENT,project,easy,True,False,False,professional,synthetic_curated,Non-commitment statement regarding the security audit findings.
train_0152,Is the wireframes for checkout expected to be completed by end of day tomorrow?,NON_COMMITMENT,project,easy,True,False,False,professional,synthetic_curated,Non-commitment statement regarding the wireframes for checkout.
train_0153,I'm going to take ownership of the architecture diagram and deliver it by Friday noon.,COMMITMENT,project,easy,True,False,True,professional,synthetic_curated,Definite promise/undertaking involving the architecture diagram.
train_0154,Who is responsible for preparing the user interview transcripts?,NON_COMMITMENT,operations,easy,False,False,False,professional,synthetic_curated,Informational inquiry regarding responsibility.
train_0155,We will deliver the wireframes for checkout to your team by end of day tomorrow.,COMMITMENT,sales_client,easy,True,False,True,professional,synthetic_curated,Definite promise/undertaking involving the wireframes for checkout.
train_0156,I'll personally verify the client proposal before we ship the release by Wednesday end of day.,COMMITMENT,engineering,easy,True,False,True,professional,synthetic_curated,Definite promise/undertaking involving the client proposal.
train_0157,Could you please review the sprint retrospective notes when you have a moment?,NON_COMMITMENT,engineering,easy,True,False,False,professional,synthetic_curated,Non-commitment statement regarding the sprint retrospective notes.
train_0158,Who is responsible for preparing the quarterly OKR summary?,NON_COMMITMENT,operations,easy,False,False,False,professional,synthetic_curated,Informational inquiry regarding responsibility.
train_0159,I wonder if Priya has looked at the revised contract draft yet.,NON_COMMITMENT,project,medium,False,False,False,professional,synthetic_curated,Non-commitment statement regarding the revised contract draft.
train_0160,I think the sprint retrospective notes was already approved by Rohan.,NON_COMMITMENT,operations,medium,False,False,False,professional,synthetic_curated,Non-commitment statement regarding the sprint retrospective notes.
train_0161,"If any blocker arises with the invoice breakdown, I'll notify the channel immediately.",COMMITMENT,engineering,hard,False,True,True,professional,synthetic_curated,Definite promise/undertaking involving the invoice breakdown.
train_0162,We might want to revisit the project timeline next quarter.,NON_COMMITMENT,executive,medium,False,False,False,professional,synthetic_curated,Non-commitment statement regarding the project timeline.
train_0163,I might check the quotation spreadsheet if I get some free time.,NON_COMMITMENT,engineering,hard,False,True,True,informal_chat,synthetic_curated,"Tentative possibility ('might') conditional on free time, not a binding commitment."
train_0164,Is the project timeline expected to be completed by 3 PM this afternoon?,NON_COMMITMENT,project,easy,True,False,False,professional,synthetic_curated,Non-commitment statement regarding the project timeline.
train_0165,Please ensure that the quarterly OKR summary follows the new formatting guidelines.,NON_COMMITMENT,sales_client,easy,False,False,False,professional,synthetic_curated,Non-commitment statement regarding the quarterly OKR summary.
train_0166,I'll personally verify the code review comments before we ship the release over the weekend.,COMMITMENT,engineering,easy,True,False,True,professional,synthetic_curated,Definite promise/undertaking involving the code review comments.
train_0167,I'm going to take ownership of the updated pitch deck and deliver it first thing Monday morning.,COMMITMENT,project,easy,True,False,True,professional,synthetic_curated,Definite promise/undertaking involving the updated pitch deck.
train_0168,We might want to revisit the release candidate build next quarter.,NON_COMMITMENT,executive,medium,False,False,False,professional,synthetic_curated,Non-commitment statement regarding the release candidate build.
train_0169,We should probably finalize the wireframes for checkout tonight before midnight.,NON_COMMITMENT,project,medium,True,False,False,professional,synthetic_curated,Advisory suggestion / opinion ('should probably') without personal undertaking.
train_0170,I'll write the code review comments by tomorrow at 10 AM.,COMMITMENT,project,easy,True,False,True,professional,synthetic_curated,Explicit first-person commitment to write deliverable with concrete deadline.
train_0171,I am going to email the quarterly OKR summary by end of day tomorrow without fail.,COMMITMENT,engineering,easy,True,False,True,professional,synthetic_curated,Direct undertaking with affirmative emphasis and deadline.
train_0172,I will make sure Arjun receives the the release candidate build by Wednesday end of day.,COMMITMENT,project,medium,True,False,True,professional,synthetic_curated,Definite promise/undertaking involving the release candidate build.
train_0173,Last week's revenue exceeded the initial target by roughly twelve percent.,NON_COMMITMENT,executive,easy,False,False,False,professional,synthetic_curated,Historical financial performance statement
train_0174,I will not be able to attend the project sync tomorrow morning.,NON_COMMITMENT,project,hard,True,False,True,professional,synthetic_curated,Explicit refusal / non-commitment statement stating inability to commit.
train_0175,I might check the client proposal if I get some free time.,NON_COMMITMENT,engineering,hard,False,True,True,informal_chat,synthetic_curated,"Tentative possibility ('might') conditional on free time, not a binding commitment."
train_0176,Please ensure that the client proposal follows the new formatting guidelines.,NON_COMMITMENT,sales_client,easy,False,False,False,professional,synthetic_curated,Non-commitment statement regarding the client proposal.
train_0177,Could you please review the staging deployment when you have a moment?,NON_COMMITMENT,engineering,easy,True,False,False,professional,synthetic_curated,Non-commitment statement regarding the staging deployment.
train_0178,I hope to finish the release candidate build soon.,NON_COMMITMENT,operations,hard,False,False,True,professional,synthetic_curated,Aspirational statement ('hope to') without commitment guarantee.
train_0179,I will follow up with the vendor regarding the client proposal by Wednesday end of day.,COMMITMENT,operations,easy,True,False,True,professional,synthetic_curated,Definite promise/undertaking involving the client proposal.
train_0180,Please ensure that the staging deployment follows the new formatting guidelines.,NON_COMMITMENT,sales_client,easy,False,False,False,professional,synthetic_curated,Non-commitment statement regarding the staging deployment.
train_0181,I will set up the Supabase instance right after dinner.,COMMITMENT,academic_student,medium,True,False,True,informal_chat,synthetic_curated,Informal peer dialogue containing clear intent and action commitment.
train_0182,"In my opinion, the financial forecast needs a complete redesign.",NON_COMMITMENT,engineering,easy,False,False,False,professional,synthetic_curated,Subjective opinion regarding quality.
train_0183,Spoke with Chen; they confirmed they are handling the staging deployment and will send it before 5 PM today.,COMMITMENT,operations,medium,True,False,True,informal_chat,synthetic_curated,Confirmed delegated undertaking on behalf of Chen.
train_0184,I am going to share the slide deck for tomorrow's demo before the client meeting starts without fail.,COMMITMENT,engineering,easy,True,False,True,professional,synthetic_curated,Direct undertaking with affirmative emphasis and deadline.
train_0185,"Count me in for the quotation spreadsheet, I will finish it tonight before midnight.",COMMITMENT,academic_student,medium,True,False,True,informal_chat,synthetic_curated,Definite promise/undertaking involving the quotation spreadsheet.
train_0186,Why was the slide deck for tomorrow's demo not updated in the shared folder?,NON_COMMITMENT,operations,easy,False,False,False,professional,synthetic_curated,Non-commitment statement regarding the slide deck for tomorrow's demo.
train_0187,Can we discuss the unit test suite during our 1-on-1 meeting?,NON_COMMITMENT,project,easy,False,False,False,professional,synthetic_curated,Non-commitment statement regarding the unit test suite.
train_0188,I promise to submit the quotation spreadsheet.,COMMITMENT,operations,easy,False,False,True,professional,synthetic_curated,Explicit promissory statement committing speaker to submit the quotation spreadsheet.
train_0189,I'll take care of submitting our project on Devpost before the 11:59 PM deadline.,COMMITMENT,academic_student,medium,True,False,True,informal_chat,synthetic_curated,Informal peer dialogue containing clear intent and action commitment.
train_0190,I'm thinking about working on the unit test suite within the next two hours.,NON_COMMITMENT,project,hard,True,False,True,informal_chat,synthetic_curated,Weak intention ('thinking about') lacks promissory undertaking.
train_0191,Could you please review the quotation spreadsheet when you have a moment?,NON_COMMITMENT,engineering,easy,True,False,False,professional,synthetic_curated,Non-commitment statement regarding the quotation spreadsheet.
train_0192,"Marcus: What is the current runway estimate from the audit?
Chen: Roughly 14 months at current burn rate.
Marcus: That gives us enough time for the Series B.
Chen: Exactly.",NON_COMMITMENT,executive,hard,False,False,False,multi_message_messy,synthetic_curated,Messy dialogue containing Financial status conversation without action undertaking.
train_0193,"Count me in for the revised contract draft, I will finish it before the sprint review tomorrow.",COMMITMENT,academic_student,medium,True,False,True,informal_chat,synthetic_curated,Definite promise/undertaking involving the revised contract draft.
train_0194,I'm thinking about working on the project timeline within the next two hours.,NON_COMMITMENT,project,hard,True,False,True,informal_chat,synthetic_curated,Weak intention ('thinking about') lacks promissory undertaking.
train_0195,I will make sure Vikram receives the the bug fix patch by tomorrow at 10 AM.,COMMITMENT,project,medium,True,False,True,professional,synthetic_curated,Definite promise/undertaking involving the bug fix patch.
train_0196,"In my opinion, the API documentation needs a complete redesign.",NON_COMMITMENT,engineering,easy,False,False,False,professional,synthetic_curated,Subjective opinion regarding quality.
train_0197,I promise to upload the client proposal.,COMMITMENT,operations,easy,False,False,True,professional,synthetic_curated,Explicit promissory statement committing speaker to upload the client proposal.
train_0198,Spoke with Rohan; they confirmed they are handling the release candidate build and will send it within the next two hours.,COMMITMENT,operations,medium,True,False,True,informal_chat,synthetic_curated,Confirmed delegated undertaking on behalf of Rohan.
train_0199,"If any blocker arises with the pricing calculator, I'll notify the channel immediately.",COMMITMENT,engineering,hard,False,True,True,professional,synthetic_curated,Definite promise/undertaking involving the pricing calculator.
train_0200,"I'll send across the architecture diagram by Friday noon, promise.",COMMITMENT,personal_errands,easy,True,False,True,professional,synthetic_curated,Definite promise/undertaking involving the architecture diagram.
train_0201,I'm thinking about working on the bug fix patch by end of day tomorrow.,NON_COMMITMENT,project,hard,True,False,True,informal_chat,synthetic_curated,Weak intention ('thinking about') lacks promissory undertaking.
train_0202,"David, kindly make sure the invoice breakdown is uploaded before 5 PM today.",NON_COMMITMENT,operations,medium,True,False,False,formal_email,synthetic_curated,Directive instructing someone else to perform a task.
train_0203,I think the revised contract draft was already approved by Priya.,NON_COMMITMENT,operations,medium,False,False,False,professional,synthetic_curated,Non-commitment statement regarding the revised contract draft.
train_0204,Did Chen already finish the quarterly OKR summary?,NON_COMMITMENT,project,easy,False,False,False,professional,synthetic_curated,Status question about past action.
train_0205,Why was the pricing calculator not updated in the shared folder?,NON_COMMITMENT,operations,easy,False,False,False,professional,synthetic_curated,Non-commitment statement regarding the pricing calculator.
train_0206,We should probably finalize the unit test suite by Wednesday end of day.,NON_COMMITMENT,project,medium,True,False,False,professional,synthetic_curated,Advisory suggestion / opinion ('should probably') without personal undertaking.
train_0207,I promise to share the slide deck for tomorrow's demo.,COMMITMENT,sales_client,easy,False,False,True,professional,synthetic_curated,Explicit promissory statement committing speaker to share the slide deck for tomorrow's demo.
train_0208,I wonder if Chen has looked at the security audit findings yet.,NON_COMMITMENT,project,medium,False,False,False,professional,synthetic_curated,Non-commitment statement regarding the security audit findings.
train_0209,I wonder if Ananya has looked at the slide deck for tomorrow's demo yet.,NON_COMMITMENT,project,medium,False,False,False,professional,synthetic_curated,Non-commitment statement regarding the slide deck for tomorrow's demo.
train_0210,Did Ananya already finish the API documentation?,NON_COMMITMENT,project,easy,False,False,False,professional,synthetic_curated,Status question about past action.
train_0211,Did Kavya already finish the bug fix patch?,NON_COMMITMENT,project,easy,False,False,False,professional,synthetic_curated,Status question about past action.
train_0212,Kindly note that I will compile and transmit the monthly reconciliation report by tomorrow afternoon.,COMMITMENT,executive,easy,True,False,True,formal_email,synthetic_curated,Formal business commitment with explicit timeline and deliverable.
train_0213,I'll write the staging deployment by tomorrow at 10 AM.,COMMITMENT,project,easy,True,False,True,professional,synthetic_curated,Explicit first-person commitment to write deliverable with concrete deadline.
train_0214,I'm not sure if the wireframes for checkout is ready for client review.,NON_COMMITMENT,sales_client,medium,False,False,False,professional,synthetic_curated,Non-commitment statement regarding the wireframes for checkout.
train_0215,"I'll send across the invoice breakdown before 5 PM today, promise.",COMMITMENT,personal_errands,easy,True,False,True,professional,synthetic_curated,Definite promise/undertaking involving the invoice breakdown.
train_0216,I'll personally verify the security audit findings before we ship the release tonight before midnight.,COMMITMENT,engineering,easy,True,False,True,professional,synthetic_curated,Definite promise/undertaking involving the security audit findings.
train_0217,We might want to revisit the wireframes for checkout next quarter.,NON_COMMITMENT,executive,medium,False,False,False,professional,synthetic_curated,Non-commitment statement regarding the wireframes for checkout.
train_0218,Who is responsible for preparing the financial forecast?,NON_COMMITMENT,operations,easy,False,False,False,professional,synthetic_curated,Informational inquiry regarding responsibility.
train_0219,I'll get Arjun to sign off on the release candidate build by Wednesday end of day.,COMMITMENT,executive,medium,True,False,True,professional,synthetic_curated,Definite promise/undertaking involving the release candidate build.
train_0220,Please send me the meeting minutes by Friday noon if possible.,NON_COMMITMENT,sales_client,easy,True,False,False,professional,synthetic_curated,Imperative request to another party without mutual commitment.
train_0221,I am going to upload the client proposal before the sprint review tomorrow without fail.,COMMITMENT,engineering,easy,True,False,True,professional,synthetic_curated,Direct undertaking with affirmative emphasis and deadline.
train_0222,We might want to revisit the sprint retrospective notes next quarter.,NON_COMMITMENT,executive,medium,False,False,False,professional,synthetic_curated,Non-commitment statement regarding the sprint retrospective notes.
train_0223,We will deliver the bug fix patch to your team by tomorrow at 10 AM.,COMMITMENT,sales_client,easy,True,False,True,professional,synthetic_curated,Definite promise/undertaking involving the bug fix patch.
train_0224,Can we discuss the security audit findings during our 1-on-1 meeting?,NON_COMMITMENT,project,easy,False,False,False,professional,synthetic_curated,Non-commitment statement regarding the security audit findings.
train_0225,It would be great if someone could take a look at the financial forecast.,NON_COMMITMENT,engineering,hard,False,False,False,professional,synthetic_curated,Non-commitment statement regarding the financial forecast.
train_0226,Please ensure that the pricing calculator follows the new formatting guidelines.,NON_COMMITMENT,sales_client,easy,False,False,False,professional,synthetic_curated,Non-commitment statement regarding the pricing calculator.
train_0227,We should probably finalize the invoice breakdown first thing Monday morning.,NON_COMMITMENT,project,medium,True,False,False,professional,synthetic_curated,Advisory suggestion / opinion ('should probably') without personal undertaking.
train_0228,Why was the user interview transcripts not updated in the shared folder?,NON_COMMITMENT,operations,easy,False,False,False,professional,synthetic_curated,Non-commitment statement regarding the user interview transcripts.
train_0229,I commit to finalizing the quotation spreadsheet as soon as we resolve the open discussion.,COMMITMENT,sales_client,medium,False,True,True,professional,synthetic_curated,Definite promise/undertaking involving the quotation spreadsheet.
train_0230,I am going to write the staging deployment by tomorrow at 10 AM without fail.,COMMITMENT,engineering,easy,True,False,True,professional,synthetic_curated,Direct undertaking with affirmative emphasis and deadline.
train_0231,I commit to finalizing the unit test suite as soon as we resolve the open discussion.,COMMITMENT,sales_client,medium,False,True,True,professional,synthetic_curated,Definite promise/undertaking involving the unit test suite.
train_0232,Can you send the code review comments by tomorrow at 10 AM?,NON_COMMITMENT,project,easy,True,False,False,professional,synthetic_curated,Request/question asking recipient; speaker does not make a commitment.
train_0233,I commit to finalizing the pricing calculator as soon as we resolve the open discussion.,COMMITMENT,sales_client,medium,False,True,True,professional,synthetic_curated,Definite promise/undertaking involving the pricing calculator.
train_0234,Spoke with Mayur; they confirmed they are handling the updated pitch deck and will send it tonight before midnight.,COMMITMENT,operations,medium,True,False,True,informal_chat,synthetic_curated,Confirmed delegated undertaking on behalf of Mayur.
train_0235,I'll handle the paperwork for the bug fix patch by tomorrow at 10 AM.,COMMITMENT,operations,easy,True,False,True,professional,synthetic_curated,Definite promise/undertaking involving the bug fix patch.
train_0236,"In my opinion, the release candidate build needs a complete redesign.",NON_COMMITMENT,engineering,easy,False,False,False,professional,synthetic_curated,Subjective opinion regarding quality.
train_0237,I'll personally verify the bug fix patch before we ship the release by tomorrow at 10 AM.,COMMITMENT,engineering,easy,True,False,True,professional,synthetic_curated,Definite promise/undertaking involving the bug fix patch.
train_0238,I will upload the latest version of the quarterly OKR summary to Google Drive first thing Monday morning.,COMMITMENT,project,easy,True,False,True,professional,synthetic_curated,Definite promise/undertaking involving the quarterly OKR summary.
train_0239,Can we discuss the architecture diagram during our 1-on-1 meeting?,NON_COMMITMENT,project,easy,False,False,False,professional,synthetic_curated,Non-commitment statement regarding the architecture diagram.
train_0240,I will make sure Alex receives the the quarterly OKR summary first thing Monday morning.,COMMITMENT,project,medium,True,False,True,professional,synthetic_curated,Definite promise/undertaking involving the quarterly OKR summary.
train_0241,We might want to revisit the meeting minutes next quarter.,NON_COMMITMENT,executive,medium,False,False,False,professional,synthetic_curated,Non-commitment statement regarding the meeting minutes.
train_0242,Please send me the release candidate build by Wednesday end of day if possible.,NON_COMMITMENT,sales_client,easy,True,False,False,professional,synthetic_curated,Imperative request to another party without mutual commitment.
train_0243,"Count me in for the client proposal, I will finish it by Wednesday end of day.",COMMITMENT,academic_student,medium,True,False,True,informal_chat,synthetic_curated,Definite promise/undertaking involving the client proposal.
train_0244,I will upload the latest version of the project timeline to Google Drive by 3 PM this afternoon.,COMMITMENT,project,easy,True,False,True,professional,synthetic_curated,Definite promise/undertaking involving the project timeline.
train_0245,Neha will deploy the meeting minutes by 3 PM this afternoon.,COMMITMENT,project,medium,True,False,True,professional,synthetic_curated,Delegated commitment assigning ownership of the meeting minutes to Neha.
train_0246,I'll get Ananya to sign off on the slide deck for tomorrow's demo by tomorrow at 10 AM.,COMMITMENT,executive,medium,True,False,True,professional,synthetic_curated,Definite promise/undertaking involving the slide deck for tomorrow's demo.
train_0247,I hope to finish the invoice breakdown soon.,NON_COMMITMENT,operations,hard,False,False,True,professional,synthetic_curated,Aspirational statement ('hope to') without commitment guarantee.
train_0248,We will deliver the staging deployment to your team over the weekend.,COMMITMENT,sales_client,easy,True,False,True,professional,synthetic_curated,Definite promise/undertaking involving the staging deployment.
train_0249,Did Priya already finish the updated pitch deck?,NON_COMMITMENT,project,easy,False,False,False,professional,synthetic_curated,Status question about past action.
train_0250,Please send me the code review comments over the weekend if possible.,NON_COMMITMENT,sales_client,easy,True,False,False,professional,synthetic_curated,Imperative request to another party without mutual commitment.
train_0251,I'm not sure if the customer refund request is ready for client review.,NON_COMMITMENT,sales_client,medium,False,False,False,professional,synthetic_curated,Non-commitment statement regarding the customer refund request.
train_0252,Mayur will finalize the project timeline before the sprint review tomorrow.,COMMITMENT,project,medium,True,False,True,professional,synthetic_curated,Delegated commitment assigning ownership of the project timeline to Mayur.
train_0253,I hope to finish the updated pitch deck soon.,NON_COMMITMENT,operations,hard,False,False,True,professional,synthetic_curated,Aspirational statement ('hope to') without commitment guarantee.
train_0254,"In my opinion, the code review comments needs a complete redesign.",NON_COMMITMENT,engineering,easy,False,False,False,professional,synthetic_curated,Subjective opinion regarding quality.
train_0255,Did Marcus already finish the security audit findings?,NON_COMMITMENT,project,easy,False,False,False,professional,synthetic_curated,Status question about past action.
train_0256,I'm not sure if the bug fix patch is ready for client review.,NON_COMMITMENT,sales_client,medium,False,False,False,professional,synthetic_curated,Non-commitment statement regarding the bug fix patch.
train_0257,I might check the code review comments if I get some free time.,NON_COMMITMENT,engineering,hard,False,True,True,informal_chat,synthetic_curated,"Tentative possibility ('might') conditional on free time, not a binding commitment."
train_0258,I'll get Priya to sign off on the quotation spreadsheet tonight before midnight.,COMMITMENT,executive,medium,True,False,True,professional,synthetic_curated,Definite promise/undertaking involving the quotation spreadsheet.
train_0259,"Rest assured, I'll investigate the code review comments and report back over the weekend.",COMMITMENT,engineering,easy,True,False,True,professional,synthetic_curated,Definite promise/undertaking involving the code review comments.
train_0260,I'm thinking about working on the API documentation before the client meeting starts.,NON_COMMITMENT,project,hard,True,False,True,informal_chat,synthetic_curated,Weak intention ('thinking about') lacks promissory undertaking.
train_0261,Can we discuss the bug fix patch during our 1-on-1 meeting?,NON_COMMITMENT,project,easy,False,False,False,professional,synthetic_curated,Non-commitment statement regarding the bug fix patch.
train_0262,I will follow up with the vendor regarding the quotation spreadsheet tonight before midnight.,COMMITMENT,operations,easy,True,False,True,professional,synthetic_curated,Definite promise/undertaking involving the quotation spreadsheet.
train_0263,We will deliver the updated pitch deck to your team first thing Monday morning.,COMMITMENT,sales_client,easy,True,False,True,professional,synthetic_curated,Definite promise/undertaking involving the updated pitch deck.
train_0264,Could you please review the client proposal when you have a moment?,NON_COMMITMENT,engineering,easy,True,False,False,professional,synthetic_curated,Non-commitment statement regarding the client proposal.
train_0265,Did Neha already finish the architecture diagram?,NON_COMMITMENT,project,easy,False,False,False,professional,synthetic_curated,Status question about past action.
train_0266,I think the quarterly OKR summary was already approved by Alex.,NON_COMMITMENT,operations,medium,False,False,False,professional,synthetic_curated,Non-commitment statement regarding the quarterly OKR summary.
train_0267,Mayur will submit the updated pitch deck tonight before midnight.,COMMITMENT,project,medium,True,False,True,professional,synthetic_curated,Delegated commitment assigning ownership of the updated pitch deck to Mayur.
train_0268,I'm going to take ownership of the pricing calculator and deliver it before the client meeting starts.,COMMITMENT,project,easy,True,False,True,professional,synthetic_curated,Definite promise/undertaking involving the pricing calculator.
train_0269,I wonder if Rahul has looked at the project timeline yet.,NON_COMMITMENT,project,medium,False,False,False,professional,synthetic_curated,Non-commitment statement regarding the project timeline.
train_0270,We commit to providing a revised statement of work incorporating your requested modifications by 5 PM tomorrow.,COMMITMENT,executive,easy,True,False,True,formal_email,synthetic_curated,Formal business commitment with explicit timeline and deliverable.
train_0271,I'm not sure if the staging deployment is ready for client review.,NON_COMMITMENT,sales_client,medium,False,False,False,professional,synthetic_curated,Non-commitment statement regarding the staging deployment.
train_0272,Who is responsible for preparing the revised contract draft?,NON_COMMITMENT,operations,easy,False,False,False,professional,synthetic_curated,Informational inquiry regarding responsibility.
train_0273,I commit to finalizing the sprint retrospective notes as soon as we resolve the open discussion.,COMMITMENT,sales_client,medium,False,True,True,professional,synthetic_curated,Definite promise/undertaking involving the sprint retrospective notes.
train_0274,I'm going to take ownership of the revised contract draft and deliver it before the sprint review tomorrow.,COMMITMENT,project,easy,True,False,True,professional,synthetic_curated,Definite promise/undertaking involving the revised contract draft.
train_0275,I'm not sure if the database migration script is ready for client review.,NON_COMMITMENT,sales_client,medium,False,False,False,professional,synthetic_curated,Non-commitment statement regarding the database migration script.
train_0276,It would be great if someone could take a look at the invoice breakdown.,NON_COMMITMENT,engineering,hard,False,False,False,professional,synthetic_curated,Non-commitment statement regarding the invoice breakdown.
train_0277,I'm going to take ownership of the financial forecast and deliver it by end of day tomorrow.,COMMITMENT,project,easy,True,False,True,professional,synthetic_curated,Definite promise/undertaking involving the financial forecast.
train_0278,Could you please review the database migration script when you have a moment?,NON_COMMITMENT,engineering,easy,True,False,False,professional,synthetic_curated,Non-commitment statement regarding the database migration script.
train_0279,Who is responsible for preparing the invoice breakdown?,NON_COMMITMENT,operations,easy,False,False,False,professional,synthetic_curated,Informational inquiry regarding responsibility.
train_0280,"In my opinion, the client proposal needs a complete redesign.",NON_COMMITMENT,engineering,easy,False,False,False,professional,synthetic_curated,Subjective opinion regarding quality.
train_0281,"If any blocker arises with the database migration script, I'll notify the channel immediately.",COMMITMENT,engineering,hard,False,True,True,professional,synthetic_curated,Definite promise/undertaking involving the database migration script.
train_0282,I will follow up with the vendor regarding the customer refund request before 5 PM today.,COMMITMENT,operations,easy,True,False,True,professional,synthetic_curated,Definite promise/undertaking involving the customer refund request.
train_0283,Can we discuss the staging deployment during our 1-on-1 meeting?,NON_COMMITMENT,project,easy,False,False,False,professional,synthetic_curated,Non-commitment statement regarding the staging deployment.
train_0284,I am going to send the wireframes for checkout before 5 PM today without fail.,COMMITMENT,engineering,easy,True,False,True,professional,synthetic_curated,Direct undertaking with affirmative emphasis and deadline.
train_0285,I will make sure David receives the the customer refund request before 5 PM today.,COMMITMENT,project,medium,True,False,True,professional,synthetic_curated,Definite promise/undertaking involving the customer refund request.
train_0286,"I'll send across the pricing calculator before the client meeting starts, promise.",COMMITMENT,personal_errands,easy,True,False,True,professional,synthetic_curated,Definite promise/undertaking involving the pricing calculator.
train_0287,I'll deliver the sprint retrospective notes by Wednesday end of day.,COMMITMENT,engineering,easy,True,False,True,professional,synthetic_curated,Explicit first-person commitment to deliver deliverable with concrete deadline.
train_0288,I'll handle the paperwork for the user interview transcripts within the next two hours.,COMMITMENT,operations,easy,True,False,True,professional,synthetic_curated,Definite promise/undertaking involving the user interview transcripts.
train_0289,I promise to email the updated pitch deck.,COMMITMENT,sales_client,easy,False,False,True,professional,synthetic_curated,Explicit promissory statement committing speaker to email the updated pitch deck.
train_0290,We should probably finalize the staging deployment by end of day tomorrow.,NON_COMMITMENT,project,medium,True,False,False,professional,synthetic_curated,Advisory suggestion / opinion ('should probably') without personal undertaking.
train_0291,Our team will not deploy any changes during the holiday freeze period.,NON_COMMITMENT,project,hard,True,False,True,professional,synthetic_curated,Explicit refusal / non-commitment statement stating inability to commit.
train_0292,It would be great if someone could take a look at the release candidate build.,NON_COMMITMENT,engineering,hard,False,False,False,professional,synthetic_curated,Non-commitment statement regarding the release candidate build.
train_0293,"If any blocker arises with the architecture diagram, I'll notify the channel immediately.",COMMITMENT,engineering,hard,False,True,True,professional,synthetic_curated,Definite promise/undertaking involving the architecture diagram.
train_0294,"I got this, will fix the Docker build tonight so we can test tomorrow.",COMMITMENT,academic_student,medium,True,False,True,informal_chat,synthetic_curated,Informal peer dialogue containing clear intent and action commitment.
train_0295,I wonder if Elena has looked at the wireframes for checkout yet.,NON_COMMITMENT,project,medium,False,False,False,professional,synthetic_curated,Non-commitment statement regarding the wireframes for checkout.
train_0296,Can you send the security audit findings first thing Monday morning?,NON_COMMITMENT,project,easy,True,False,False,professional,synthetic_curated,Request/question asking recipient; speaker does not make a commitment.
train_0297,I promise to send the wireframes for checkout.,COMMITMENT,operations,easy,False,False,True,professional,synthetic_curated,Explicit promissory statement committing speaker to send the wireframes for checkout.
train_0298,"Neha, kindly make sure the project timeline is uploaded by 3 PM this afternoon.",NON_COMMITMENT,operations,medium,True,False,False,formal_email,synthetic_curated,Directive instructing someone else to perform a task.
train_0299,I'll double check the figures for the updated pitch deck tonight.,COMMITMENT,sales_client,easy,True,False,True,professional,synthetic_curated,Definite promise/undertaking involving the updated pitch deck.
train_0300,"In my opinion, the slide deck for tomorrow's demo needs a complete redesign.",NON_COMMITMENT,engineering,easy,False,False,False,professional,synthetic_curated,Subjective opinion regarding quality.
train_0301,I will make sure Priya receives the the quotation spreadsheet tonight before midnight.,COMMITMENT,project,medium,True,False,True,professional,synthetic_curated,Definite promise/undertaking involving the quotation spreadsheet.
train_0302,I might check the meeting minutes if I get some free time.,NON_COMMITMENT,engineering,hard,False,True,True,informal_chat,synthetic_curated,"Tentative possibility ('might') conditional on free time, not a binding commitment."
train_0303,Could you please review the API documentation when you have a moment?,NON_COMMITMENT,engineering,easy,True,False,False,professional,synthetic_curated,Non-commitment statement regarding the API documentation.
train_0304,Why was the unit test suite not updated in the shared folder?,NON_COMMITMENT,operations,easy,False,False,False,professional,synthetic_curated,Non-commitment statement regarding the unit test suite.
train_0305,I will follow up with the vendor regarding the invoice breakdown before 5 PM today.,COMMITMENT,operations,easy,True,False,True,professional,synthetic_curated,Definite promise/undertaking involving the invoice breakdown.
train_0306,We should probably finalize the project timeline by Wednesday end of day.,NON_COMMITMENT,project,medium,True,False,False,professional,synthetic_curated,Advisory suggestion / opinion ('should probably') without personal undertaking.
train_0307,Why was the updated pitch deck not updated in the shared folder?,NON_COMMITMENT,operations,easy,False,False,False,professional,synthetic_curated,Non-commitment statement regarding the updated pitch deck.
train_0308,I'll send the financial forecast before 5 PM today.,COMMITMENT,project,easy,True,False,True,professional,synthetic_curated,Explicit first-person commitment to send deliverable with concrete deadline.
train_0309,I'll handle the paperwork for the architecture diagram by Friday noon.,COMMITMENT,operations,easy,True,False,True,professional,synthetic_curated,Definite promise/undertaking involving the architecture diagram.
train_0310,I will follow up with the vendor regarding the project timeline by 3 PM this afternoon.,COMMITMENT,operations,easy,True,False,True,professional,synthetic_curated,Definite promise/undertaking involving the project timeline.
train_0311,Can we discuss the invoice breakdown during our 1-on-1 meeting?,NON_COMMITMENT,project,easy,False,False,False,professional,synthetic_curated,Non-commitment statement regarding the invoice breakdown.
train_0312,"I'll send across the project timeline by 3 PM this afternoon, promise.",COMMITMENT,personal_errands,easy,True,False,True,professional,synthetic_curated,Definite promise/undertaking involving the project timeline.
train_0313,I will make sure Neha receives the the user interview transcripts within the next two hours.,COMMITMENT,project,medium,True,False,True,professional,synthetic_curated,Definite promise/undertaking involving the user interview transcripts.
train_0314,I think the customer refund request was already approved by David.,NON_COMMITMENT,operations,medium,False,False,False,professional,synthetic_curated,Non-commitment statement regarding the customer refund request.
train_0315,I commit to finalizing the revised contract draft as soon as we resolve the open discussion.,COMMITMENT,sales_client,medium,False,True,True,professional,synthetic_curated,Definite promise/undertaking involving the revised contract draft.
train_0316,Elena will share the database migration script by tomorrow at 10 AM.,COMMITMENT,project,medium,True,False,True,professional,synthetic_curated,Delegated commitment assigning ownership of the database migration script to Elena.
train_0317,Is the client proposal expected to be completed by Wednesday end of day?,NON_COMMITMENT,project,easy,True,False,False,professional,synthetic_curated,Non-commitment statement regarding the client proposal.
train_0318,"If you can confirm the numbers, Vikram and I will finalize the sprint retrospective notes.",COMMITMENT,executive,hard,False,True,True,formal_email,synthetic_curated,Joint conditional commitment tied to user confirmation.
train_0319,Can you send the database migration script within the next two hours?,NON_COMMITMENT,project,easy,True,False,False,professional,synthetic_curated,Request/question asking recipient; speaker does not make a commitment.
train_0320,I will upload the latest version of the slide deck for tomorrow's demo to Google Drive by tomorrow at 10 AM.,COMMITMENT,project,easy,True,False,True,professional,synthetic_curated,Definite promise/undertaking involving the slide deck for tomorrow's demo.
train_0321,Please send me the unit test suite by 3 PM this afternoon if possible.,NON_COMMITMENT,sales_client,easy,True,False,False,professional,synthetic_curated,Imperative request to another party without mutual commitment.
train_0322,"Rest assured, I'll investigate the wireframes for checkout and report back by end of day tomorrow.",COMMITMENT,engineering,easy,True,False,True,professional,synthetic_curated,Definite promise/undertaking involving the wireframes for checkout.
train_0323,Can you send the client proposal before the sprint review tomorrow?,NON_COMMITMENT,project,easy,True,False,False,professional,synthetic_curated,Request/question asking recipient; speaker does not make a commitment.
train_0324,"Rest assured, I'll investigate the database migration script and report back before the client meeting starts.",COMMITMENT,engineering,easy,True,False,True,professional,synthetic_curated,Definite promise/undertaking involving the database migration script.
train_0325,I'll get Mayur to sign off on the API documentation before the sprint review tomorrow.,COMMITMENT,executive,medium,True,False,True,professional,synthetic_curated,Definite promise/undertaking involving the API documentation.
train_0326,We should probably finalize the client proposal before the client meeting starts.,NON_COMMITMENT,project,medium,True,False,False,professional,synthetic_curated,Advisory suggestion / opinion ('should probably') without personal undertaking.
train_0327,Can we discuss the quotation spreadsheet during our 1-on-1 meeting?,NON_COMMITMENT,project,easy,False,False,False,professional,synthetic_curated,Non-commitment statement regarding the quotation spreadsheet.
train_0328,I can't commit to delivering the revised quotation by 5 PM today.,NON_COMMITMENT,project,hard,True,False,True,professional,synthetic_curated,Explicit refusal / non-commitment statement stating inability to commit.
train_0329,I am going to email the updated pitch deck by end of day tomorrow without fail.,COMMITMENT,engineering,easy,True,False,True,professional,synthetic_curated,Direct undertaking with affirmative emphasis and deadline.
train_0330,I will upload the latest version of the wireframes for checkout to Google Drive by end of day tomorrow.,COMMITMENT,project,easy,True,False,True,professional,synthetic_curated,Definite promise/undertaking involving the wireframes for checkout.
train_0331,Can we discuss the financial forecast during our 1-on-1 meeting?,NON_COMMITMENT,project,easy,False,False,False,professional,synthetic_curated,Non-commitment statement regarding the financial forecast.
train_0332,I'll personally verify the user interview transcripts before we ship the release within the next two hours.,COMMITMENT,engineering,easy,True,False,True,professional,synthetic_curated,Definite promise/undertaking involving the user interview transcripts.
train_0333,I will follow up with the vendor regarding the quarterly OKR summary first thing Monday morning.,COMMITMENT,operations,easy,True,False,True,professional,synthetic_curated,Definite promise/undertaking involving the quarterly OKR summary.
train_0334,Can you send the bug fix patch before the client meeting starts?,NON_COMMITMENT,project,easy,True,False,False,professional,synthetic_curated,Request/question asking recipient; speaker does not make a commitment.
train_0335,"I'll send across the client proposal by Wednesday end of day, promise.",COMMITMENT,personal_errands,easy,True,False,True,professional,synthetic_curated,Definite promise/undertaking involving the client proposal.
train_0336,Elena will send the invoice breakdown by end of day tomorrow.,COMMITMENT,project,medium,True,False,True,professional,synthetic_curated,Delegated commitment assigning ownership of the invoice breakdown to Elena.
train_0337,I'll double check the figures for the wireframes for checkout tonight.,COMMITMENT,sales_client,easy,True,False,True,professional,synthetic_curated,Definite promise/undertaking involving the wireframes for checkout.
train_0338,"Sneha, kindly make sure the pricing calculator is uploaded before the client meeting starts.",NON_COMMITMENT,operations,medium,True,False,False,formal_email,synthetic_curated,Directive instructing someone else to perform a task.
train_0339,I'll get Neha to sign off on the unit test suite by 3 PM this afternoon.,COMMITMENT,executive,medium,True,False,True,professional,synthetic_curated,Definite promise/undertaking involving the unit test suite.
train_0340,I think the meeting minutes was already approved by Marcus.,NON_COMMITMENT,operations,medium,False,False,False,professional,synthetic_curated,Non-commitment statement regarding the meeting minutes.
train_0341,I commit to finalizing the meeting minutes as soon as we resolve the open discussion.,COMMITMENT,sales_client,medium,False,True,True,professional,synthetic_curated,Definite promise/undertaking involving the meeting minutes.
train_0342,Can you send the invoice breakdown over the weekend?,NON_COMMITMENT,project,easy,True,False,False,professional,synthetic_curated,Request/question asking recipient; speaker does not make a commitment.
train_0343,Ananya will upload the revised contract draft by Wednesday end of day.,COMMITMENT,project,medium,True,False,True,professional,synthetic_curated,Delegated commitment assigning ownership of the revised contract draft to Ananya.
train_0344,Please send me the project timeline by 3 PM this afternoon if possible.,NON_COMMITMENT,sales_client,easy,True,False,False,professional,synthetic_curated,Imperative request to another party without mutual commitment.
train_0345,The API returned a 404 error when querying the user profiles endpoint.,NON_COMMITMENT,engineering,easy,False,False,False,professional,synthetic_curated,Technical incident observation
train_0346,Kavya will deliver the client proposal within the next two hours.,COMMITMENT,project,medium,True,False,True,professional,synthetic_curated,Delegated commitment assigning ownership of the client proposal to Kavya.
train_0347,Please send me the financial forecast by end of day tomorrow if possible.,NON_COMMITMENT,sales_client,easy,True,False,False,professional,synthetic_curated,Imperative request to another party without mutual commitment.
train_0348,Chen will compile the staging deployment before 5 PM today.,COMMITMENT,project,medium,True,False,True,professional,synthetic_curated,Delegated commitment assigning ownership of the staging deployment to Chen.
train_0349,I'll deploy the project timeline by Friday noon.,COMMITMENT,project,easy,True,False,True,professional,synthetic_curated,Explicit first-person commitment to deploy deliverable with concrete deadline.
train_0350,I'll personally verify the wireframes for checkout before we ship the release by end of day tomorrow.,COMMITMENT,engineering,easy,True,False,True,professional,synthetic_curated,Definite promise/undertaking involving the wireframes for checkout.
train_0351,I wonder if Arjun has looked at the release candidate build yet.,NON_COMMITMENT,project,medium,False,False,False,professional,synthetic_curated,Non-commitment statement regarding the release candidate build.
train_0352,I might check the slide deck for tomorrow's demo if I get some free time.,NON_COMMITMENT,engineering,hard,False,True,True,informal_chat,synthetic_curated,"Tentative possibility ('might') conditional on free time, not a binding commitment."
train_0353,"Count me in for the customer refund request, I will finish it before 5 PM today.",COMMITMENT,academic_student,medium,True,False,True,informal_chat,synthetic_curated,Definite promise/undertaking involving the customer refund request.
train_0354,Why was the meeting minutes not updated in the shared folder?,NON_COMMITMENT,operations,easy,False,False,False,professional,synthetic_curated,Non-commitment statement regarding the meeting minutes.
train_0355,Please send me the slide deck for tomorrow's demo by tomorrow at 10 AM if possible.,NON_COMMITMENT,sales_client,easy,True,False,False,professional,synthetic_curated,Imperative request to another party without mutual commitment.
train_0356,I am going to share the bug fix patch before the client meeting starts without fail.,COMMITMENT,engineering,easy,True,False,True,professional,synthetic_curated,Direct undertaking with affirmative emphasis and deadline.
train_0357,Did Vikram already finish the database migration script?,NON_COMMITMENT,project,easy,False,False,False,professional,synthetic_curated,Status question about past action.
train_0358,I wonder if Vikram has looked at the financial forecast yet.,NON_COMMITMENT,project,medium,False,False,False,professional,synthetic_curated,Non-commitment statement regarding the financial forecast.
train_0359,I will upload the latest version of the meeting minutes to Google Drive by Friday noon.,COMMITMENT,project,easy,True,False,True,professional,synthetic_curated,Definite promise/undertaking involving the meeting minutes.
train_0360,Spoke with Rahul; they confirmed they are handling the wireframes for checkout and will send it first thing Monday morning.,COMMITMENT,operations,medium,True,False,True,informal_chat,synthetic_curated,Confirmed delegated undertaking on behalf of Rahul.
train_0361,It would be great if someone could take a look at the sprint retrospective notes.,NON_COMMITMENT,engineering,hard,False,False,False,professional,synthetic_curated,Non-commitment statement regarding the sprint retrospective notes.
train_0362,"As agreed during the steering committee meeting, I will circulate the updated governance charter prior to our next session.",COMMITMENT,executive,easy,True,False,True,formal_email,synthetic_curated,Formal business commitment with explicit timeline and deliverable.
train_0363,I promise to draft the pricing calculator.,COMMITMENT,operations,easy,False,False,True,professional,synthetic_curated,Explicit promissory statement committing speaker to draft the pricing calculator.
train_0364,Ananya will prepare the quotation spreadsheet by Friday noon.,COMMITMENT,project,medium,True,False,True,professional,synthetic_curated,Delegated commitment assigning ownership of the quotation spreadsheet to Ananya.
train_0365,"Rest assured, I'll investigate the updated pitch deck and report back first thing Monday morning.",COMMITMENT,engineering,easy,True,False,True,professional,synthetic_curated,Definite promise/undertaking involving the updated pitch deck.
train_0366,Did Alex already finish the wireframes for checkout?,NON_COMMITMENT,project,easy,False,False,False,professional,synthetic_curated,Status question about past action.
train_0367,We should probably finalize the database migration script over the weekend.,NON_COMMITMENT,project,medium,True,False,False,professional,synthetic_curated,Advisory suggestion / opinion ('should probably') without personal undertaking.
train_0368,"Alex, kindly make sure the staging deployment is uploaded over the weekend.",NON_COMMITMENT,operations,medium,True,False,False,formal_email,synthetic_curated,Directive instructing someone else to perform a task.
train_0369,"Count me in for the bug fix patch, I will finish it by tomorrow at 10 AM.",COMMITMENT,academic_student,medium,True,False,True,informal_chat,synthetic_curated,Definite promise/undertaking involving the bug fix patch.
train_0370,I will upload the latest version of the updated pitch deck to Google Drive first thing Monday morning.,COMMITMENT,project,easy,True,False,True,professional,synthetic_curated,Definite promise/undertaking involving the updated pitch deck.
train_0371,I'll get Kavya to sign off on the staging deployment over the weekend.,COMMITMENT,executive,medium,True,False,True,professional,synthetic_curated,Definite promise/undertaking involving the staging deployment.
train_0372,I think the wireframes for checkout was already approved by Elena.,NON_COMMITMENT,operations,medium,False,False,False,professional,synthetic_curated,Non-commitment statement regarding the wireframes for checkout.
train_0373,Who is responsible for preparing the customer refund request?,NON_COMMITMENT,operations,easy,False,False,False,professional,synthetic_curated,Informational inquiry regarding responsibility.
train_0374,I will upload the latest version of the revised contract draft to Google Drive before the sprint review tomorrow.,COMMITMENT,project,easy,True,False,True,professional,synthetic_curated,Definite promise/undertaking involving the revised contract draft.
train_0375,I'm going to take ownership of the wireframes for checkout and deliver it by end of day tomorrow.,COMMITMENT,project,easy,True,False,True,professional,synthetic_curated,Definite promise/undertaking involving the wireframes for checkout.
train_0376,I commit to finalizing the user interview transcripts as soon as we resolve the open discussion.,COMMITMENT,sales_client,medium,False,True,True,professional,synthetic_curated,Definite promise/undertaking involving the user interview transcripts.
train_0377,"David: Has anyone seen my blue notebook?
Kavya: Check near the coffee machine on the 3rd floor.
David: Ah thanks, found it!
Kavya: Nice!",NON_COMMITMENT,personal_errands,hard,False,False,False,multi_message_messy,synthetic_curated,Messy dialogue containing Casual lost item search.
train_0378,"If the CI pipeline turns green, I will submit the unit test suite by end of day tomorrow.",COMMITMENT,engineering,medium,True,True,True,professional,synthetic_curated,Conditional commitment triggered upon condition fulfillment.
train_0379,I am going to deploy the unit test suite by Friday noon without fail.,COMMITMENT,engineering,easy,True,False,True,professional,synthetic_curated,Direct undertaking with affirmative emphasis and deadline.
train_0380,I wonder if Vikram has looked at the bug fix patch yet.,NON_COMMITMENT,project,medium,False,False,False,professional,synthetic_curated,Non-commitment statement regarding the bug fix patch.
train_0381,I am going to draft the pricing calculator within the next two hours without fail.,COMMITMENT,engineering,easy,True,False,True,professional,synthetic_curated,Direct undertaking with affirmative emphasis and deadline.
train_0382,I am going to send the financial forecast before 5 PM today without fail.,COMMITMENT,engineering,easy,True,False,True,professional,synthetic_curated,Direct undertaking with affirmative emphasis and deadline.
train_0383,I will follow up with the vendor regarding the pricing calculator before the client meeting starts.,COMMITMENT,operations,easy,True,False,True,professional,synthetic_curated,Definite promise/undertaking involving the pricing calculator.
train_0384,"Ananya, kindly make sure the architecture diagram is uploaded by Friday noon.",NON_COMMITMENT,operations,medium,True,False,False,formal_email,synthetic_curated,Directive instructing someone else to perform a task.
train_0385,Please ensure that the updated pitch deck follows the new formatting guidelines.,NON_COMMITMENT,sales_client,easy,False,False,False,professional,synthetic_curated,Non-commitment statement regarding the updated pitch deck.
train_0386,Did Priya already finish the project timeline?,NON_COMMITMENT,project,easy,False,False,False,professional,synthetic_curated,Status question about past action.
train_0387,I will upload the latest version of the unit test suite to Google Drive by 3 PM this afternoon.,COMMITMENT,project,easy,True,False,True,professional,synthetic_curated,Definite promise/undertaking involving the unit test suite.
train_0388,We will deliver the database migration script to your team before the client meeting starts.,COMMITMENT,sales_client,easy,True,False,True,professional,synthetic_curated,Definite promise/undertaking involving the database migration script.
train_0389,It would be great if someone could take a look at the database migration script.,NON_COMMITMENT,engineering,hard,False,False,False,professional,synthetic_curated,Non-commitment statement regarding the database migration script.
train_0390,Can we discuss the database migration script during our 1-on-1 meeting?,NON_COMMITMENT,project,easy,False,False,False,professional,synthetic_curated,Non-commitment statement regarding the database migration script.
train_0391,Who is responsible for preparing the staging deployment?,NON_COMMITMENT,operations,easy,False,False,False,professional,synthetic_curated,Informational inquiry regarding responsibility.
train_0392,I'll double check the figures for the quarterly OKR summary tonight.,COMMITMENT,sales_client,easy,True,False,True,professional,synthetic_curated,Definite promise/undertaking involving the quarterly OKR summary.
train_0393,I'm thinking about working on the security audit findings before the sprint review tomorrow.,NON_COMMITMENT,project,hard,True,False,True,informal_chat,synthetic_curated,Weak intention ('thinking about') lacks promissory undertaking.
train_0394,"Rest assured, I'll investigate the user interview transcripts and report back within the next two hours.",COMMITMENT,engineering,easy,True,False,True,professional,synthetic_curated,Definite promise/undertaking involving the user interview transcripts.
train_0395,Did David already finish the staging deployment?,NON_COMMITMENT,project,easy,False,False,False,professional,synthetic_curated,Status question about past action.
train_0396,"David: The client is asking about the delay on mobile responsiveness.
Kavya: We found an issue in Safari flexbox.
David: Understood. I will call the client in ten minutes to explain and promise the build by tomorrow.",COMMITMENT,project,hard,True,False,True,multi_message_messy,synthetic_curated,Messy dialogue containing firm commitment clause: 'I will call the client in ten minutes to explain and promise the build by tomorrow'.
train_0397,"Rest assured, I'll investigate the unit test suite and report back by 3 PM this afternoon.",COMMITMENT,engineering,easy,True,False,True,professional,synthetic_curated,Definite promise/undertaking involving the unit test suite.
train_0398,We received 45 customer inquiries regarding the new pricing tiers.,NON_COMMITMENT,sales_client,easy,False,False,False,professional,synthetic_curated,Factual metrics summary
train_0399,Spoke with Priya; they confirmed they are handling the quarterly OKR summary and will send it tonight before midnight.,COMMITMENT,operations,medium,True,False,True,informal_chat,synthetic_curated,Confirmed delegated undertaking on behalf of Priya.
train_0400,"If any blocker arises with the revised contract draft, I'll notify the channel immediately.",COMMITMENT,engineering,hard,False,True,True,professional,synthetic_curated,Definite promise/undertaking involving the revised contract draft.
train_0401,I will make sure Arjun receives the the architecture diagram by Friday noon.,COMMITMENT,project,medium,True,False,True,professional,synthetic_curated,Definite promise/undertaking involving the architecture diagram.
train_0402,I will upload the latest version of the bug fix patch to Google Drive by tomorrow at 10 AM.,COMMITMENT,project,easy,True,False,True,professional,synthetic_curated,Definite promise/undertaking involving the bug fix patch.
train_0403,"Kavya, kindly make sure the code review comments is uploaded over the weekend.",NON_COMMITMENT,operations,medium,True,False,False,formal_email,synthetic_curated,Directive instructing someone else to perform a task.
train_0404,I'll double check the figures for the user interview transcripts tonight.,COMMITMENT,sales_client,easy,True,False,True,professional,synthetic_curated,Definite promise/undertaking involving the user interview transcripts.
train_0405,Why was the code review comments not updated in the shared folder?,NON_COMMITMENT,operations,easy,False,False,False,professional,synthetic_curated,Non-commitment statement regarding the code review comments.
train_0406,Who is responsible for preparing the quotation spreadsheet?,NON_COMMITMENT,operations,easy,False,False,False,professional,synthetic_curated,Informational inquiry regarding responsibility.
train_0407,I will make sure Kavya receives the the staging deployment over the weekend.,COMMITMENT,project,medium,True,False,True,professional,synthetic_curated,Definite promise/undertaking involving the staging deployment.
train_0408,I'll personally verify the financial forecast before we ship the release by end of day tomorrow.,COMMITMENT,engineering,easy,True,False,True,professional,synthetic_curated,Definite promise/undertaking involving the financial forecast.
train_0409,I hope to finish the unit test suite soon.,NON_COMMITMENT,operations,hard,False,False,True,professional,synthetic_curated,Aspirational statement ('hope to') without commitment guarantee.
train_0410,We might want to revisit the API documentation next quarter.,NON_COMMITMENT,executive,medium,False,False,False,professional,synthetic_curated,Non-commitment statement regarding the API documentation.
train_0411,I'm thinking about working on the financial forecast by Friday noon.,NON_COMMITMENT,project,hard,True,False,True,informal_chat,synthetic_curated,Weak intention ('thinking about') lacks promissory undertaking.
train_0412,Why was the quotation spreadsheet not updated in the shared folder?,NON_COMMITMENT,operations,easy,False,False,False,professional,synthetic_curated,Non-commitment statement regarding the quotation spreadsheet.
train_0413,Why was the customer refund request not updated in the shared folder?,NON_COMMITMENT,operations,easy,False,False,False,professional,synthetic_curated,Non-commitment statement regarding the customer refund request.
train_0414,Can you send the architecture diagram tonight before midnight?,NON_COMMITMENT,project,easy,True,False,False,professional,synthetic_curated,Request/question asking recipient; speaker does not make a commitment.
train_0415,Rohan will deploy the architecture diagram by 3 PM this afternoon.,COMMITMENT,project,medium,True,False,True,professional,synthetic_curated,Delegated commitment assigning ownership of the architecture diagram to Rohan.
train_0416,"In my opinion, the pricing calculator needs a complete redesign.",NON_COMMITMENT,engineering,easy,False,False,False,professional,synthetic_curated,Subjective opinion regarding quality.
train_0417,"Thanks for the update, really appreciate the quick turnaround!",NON_COMMITMENT,project,easy,False,False,False,informal_chat,synthetic_curated,Pleasantry / gratitude
train_0418,"If any blocker arises with the user interview transcripts, I'll notify the channel immediately.",COMMITMENT,engineering,hard,False,True,True,professional,synthetic_curated,Definite promise/undertaking involving the user interview transcripts.
train_0419,I hope to finish the staging deployment soon.,NON_COMMITMENT,operations,hard,False,False,True,professional,synthetic_curated,Aspirational statement ('hope to') without commitment guarantee.
train_0420,I'll compile the invoice breakdown over the weekend.,COMMITMENT,engineering,easy,True,False,True,professional,synthetic_curated,Explicit first-person commitment to compile deliverable with concrete deadline.
train_0421,I'll personally verify the updated pitch deck before we ship the release first thing Monday morning.,COMMITMENT,engineering,easy,True,False,True,professional,synthetic_curated,Definite promise/undertaking involving the updated pitch deck.
train_0422,Please ensure that the database migration script follows the new formatting guidelines.,NON_COMMITMENT,sales_client,easy,False,False,False,professional,synthetic_curated,Non-commitment statement regarding the database migration script.
train_0423,It would be great if someone could take a look at the client proposal.,NON_COMMITMENT,engineering,hard,False,False,False,professional,synthetic_curated,Non-commitment statement regarding the client proposal.
train_0424,I will coordinate with our legal counsel and deliver their feedback regarding clause 7 before Friday noon.,COMMITMENT,executive,easy,True,False,True,formal_email,synthetic_curated,Formal business commitment with explicit timeline and deliverable.
train_0425,Is the architecture diagram expected to be completed by Friday noon?,NON_COMMITMENT,project,easy,True,False,False,professional,synthetic_curated,Non-commitment statement regarding the architecture diagram.
train_0426,I'm thinking about working on the meeting minutes by Wednesday end of day.,NON_COMMITMENT,project,hard,True,False,True,informal_chat,synthetic_curated,Weak intention ('thinking about') lacks promissory undertaking.
train_0427,"If any blocker arises with the client proposal, I'll notify the channel immediately.",COMMITMENT,engineering,hard,False,True,True,professional,synthetic_curated,Definite promise/undertaking involving the client proposal.
train_0428,We might want to revisit the revised contract draft next quarter.,NON_COMMITMENT,executive,medium,False,False,False,professional,synthetic_curated,Non-commitment statement regarding the revised contract draft.
train_0429,Who is responsible for preparing the updated pitch deck?,NON_COMMITMENT,operations,easy,False,False,False,professional,synthetic_curated,Informational inquiry regarding responsibility.
train_0430,"In my opinion, the sprint retrospective notes needs a complete redesign.",NON_COMMITMENT,engineering,easy,False,False,False,professional,synthetic_curated,Subjective opinion regarding quality.
train_0431,We will deliver the pricing calculator to your team before the client meeting starts.,COMMITMENT,sales_client,easy,True,False,True,professional,synthetic_curated,Definite promise/undertaking involving the pricing calculator.
train_0432,I'll get Chen to sign off on the security audit findings tonight before midnight.,COMMITMENT,executive,medium,True,False,True,professional,synthetic_curated,Definite promise/undertaking involving the security audit findings.
train_0433,Please ensure that the sprint retrospective notes follows the new formatting guidelines.,NON_COMMITMENT,sales_client,easy,False,False,False,professional,synthetic_curated,Non-commitment statement regarding the sprint retrospective notes.
train_0434,Could you please review the user interview transcripts when you have a moment?,NON_COMMITMENT,engineering,easy,True,False,False,professional,synthetic_curated,Non-commitment statement regarding the user interview transcripts.
train_0435,"Elena, kindly make sure the bug fix patch is uploaded by tomorrow at 10 AM.",NON_COMMITMENT,operations,medium,True,False,False,formal_email,synthetic_curated,Directive instructing someone else to perform a task.
train_0436,"In my opinion, the updated pitch deck needs a complete redesign.",NON_COMMITMENT,engineering,easy,False,False,False,professional,synthetic_curated,Subjective opinion regarding quality.
train_0437,"Chen, kindly make sure the customer refund request is uploaded before 5 PM today.",NON_COMMITMENT,operations,medium,True,False,False,formal_email,synthetic_curated,Directive instructing someone else to perform a task.
train_0438,"Arjun: Are the integration tests failing on Python 3.11?
Rahul: Yes, some type checking error in auth.
Arjun: Leave it to me. I'll fix the type annotations before our daily standup.
Rahul: Thanks man.",COMMITMENT,engineering,hard,True,False,True,multi_message_messy,synthetic_curated,Messy dialogue containing firm commitment clause: 'I'll fix the type annotations before our daily standup'.
train_0439,I will follow up with the vendor regarding the database migration script before the client meeting starts.,COMMITMENT,operations,easy,True,False,True,professional,synthetic_curated,Definite promise/undertaking involving the database migration script.
train_0440,I might check the updated pitch deck if I get some free time.,NON_COMMITMENT,engineering,hard,False,True,True,informal_chat,synthetic_curated,"Tentative possibility ('might') conditional on free time, not a binding commitment."
train_0441,Can you send the quotation spreadsheet first thing Monday morning?,NON_COMMITMENT,project,easy,True,False,False,professional,synthetic_curated,Request/question asking recipient; speaker does not make a commitment.
train_0442,"If any blocker arises with the meeting minutes, I'll notify the channel immediately.",COMMITMENT,engineering,hard,False,True,True,professional,synthetic_curated,Definite promise/undertaking involving the meeting minutes.
train_0443,It would be great if someone could take a look at the user interview transcripts.,NON_COMMITMENT,engineering,hard,False,False,False,professional,synthetic_curated,Non-commitment statement regarding the user interview transcripts.
train_0444,I'm thinking about working on the quotation spreadsheet before the sprint review tomorrow.,NON_COMMITMENT,project,hard,True,False,True,informal_chat,synthetic_curated,Weak intention ('thinking about') lacks promissory undertaking.
train_0445,"hey guys, I'm heading out now but I will test the endpoints on my laptop later tonight.",COMMITMENT,academic_student,medium,True,False,True,informal_chat,synthetic_curated,Informal peer dialogue containing clear intent and action commitment.
train_0446,Could you please review the revised contract draft when you have a moment?,NON_COMMITMENT,engineering,easy,True,False,False,professional,synthetic_curated,Non-commitment statement regarding the revised contract draft.
train_0447,Who is responsible for preparing the meeting minutes?,NON_COMMITMENT,operations,easy,False,False,False,professional,synthetic_curated,Informational inquiry regarding responsibility.
train_0448,We will deliver the project timeline to your team by 3 PM this afternoon.,COMMITMENT,sales_client,easy,True,False,True,professional,synthetic_curated,Definite promise/undertaking involving the project timeline.
train_0449,"In my opinion, the customer refund request needs a complete redesign.",NON_COMMITMENT,engineering,easy,False,False,False,professional,synthetic_curated,Subjective opinion regarding quality.
train_0450,We will deliver the customer refund request to your team before 5 PM today.,COMMITMENT,sales_client,easy,True,False,True,professional,synthetic_curated,Definite promise/undertaking involving the customer refund request.
train_0451,I am going to deploy the project timeline by Friday noon without fail.,COMMITMENT,engineering,easy,True,False,True,professional,synthetic_curated,Direct undertaking with affirmative emphasis and deadline.
train_0452,I will upload the latest version of the API documentation to Google Drive before the sprint review tomorrow.,COMMITMENT,project,easy,True,False,True,professional,synthetic_curated,Definite promise/undertaking involving the API documentation.
train_0453,We might want to revisit the slide deck for tomorrow's demo next quarter.,NON_COMMITMENT,executive,medium,False,False,False,professional,synthetic_curated,Non-commitment statement regarding the slide deck for tomorrow's demo.
train_0454,I'll submit the security audit findings first thing Monday morning.,COMMITMENT,project,easy,True,False,True,professional,synthetic_curated,Explicit first-person commitment to submit deliverable with concrete deadline.
train_0455,"I'll send across the staging deployment over the weekend, promise.",COMMITMENT,personal_errands,easy,True,False,True,professional,synthetic_curated,Definite promise/undertaking involving the staging deployment.
train_0456,"Count me in for the quarterly OKR summary, I will finish it first thing Monday morning.",COMMITMENT,academic_student,medium,True,False,True,informal_chat,synthetic_curated,Definite promise/undertaking involving the quarterly OKR summary.
train_0457,I hope to finish the user interview transcripts soon.,NON_COMMITMENT,operations,hard,False,False,True,professional,synthetic_curated,Aspirational statement ('hope to') without commitment guarantee.
train_0458,"If any blocker arises with the project timeline, I'll notify the channel immediately.",COMMITMENT,engineering,hard,False,True,True,professional,synthetic_curated,Definite promise/undertaking involving the project timeline.
train_0459,"If the designer shares the Figma assets, I will draft the staging deployment by Wednesday end of day.",COMMITMENT,engineering,medium,True,True,True,professional,synthetic_curated,Conditional commitment triggered upon condition fulfillment.
train_0460,Who is responsible for preparing the pricing calculator?,NON_COMMITMENT,operations,easy,False,False,False,professional,synthetic_curated,Informational inquiry regarding responsibility.
train_0461,I'll double check the figures for the code review comments tonight.,COMMITMENT,sales_client,easy,True,False,True,professional,synthetic_curated,Definite promise/undertaking involving the code review comments.
train_0462,I'll double check the figures for the sprint retrospective notes tonight.,COMMITMENT,sales_client,easy,True,False,True,professional,synthetic_curated,Definite promise/undertaking involving the sprint retrospective notes.
train_0463,We will deliver the slide deck for tomorrow's demo to your team by tomorrow at 10 AM.,COMMITMENT,sales_client,easy,True,False,True,professional,synthetic_curated,Definite promise/undertaking involving the slide deck for tomorrow's demo.
train_0464,"Once the client approves the initial scope, I will prepare the API documentation first thing Monday morning.",COMMITMENT,sales_client,medium,True,True,True,professional,synthetic_curated,Conditional commitment triggered upon condition fulfillment.
train_0465,I'm going to take ownership of the unit test suite and deliver it by 3 PM this afternoon.,COMMITMENT,project,easy,True,False,True,professional,synthetic_curated,Definite promise/undertaking involving the unit test suite.
train_0466,I promise to draft the database migration script.,COMMITMENT,operations,easy,False,False,True,professional,synthetic_curated,Explicit promissory statement committing speaker to draft the database migration script.
train_0467,Why was the architecture diagram not updated in the shared folder?,NON_COMMITMENT,operations,easy,False,False,False,professional,synthetic_curated,Non-commitment statement regarding the architecture diagram.
train_0468,I am going to prepare the architecture diagram tonight before midnight without fail.,COMMITMENT,engineering,easy,True,False,True,professional,synthetic_curated,Direct undertaking with affirmative emphasis and deadline.
train_0469,I wonder if Mayur has looked at the API documentation yet.,NON_COMMITMENT,project,medium,False,False,False,professional,synthetic_curated,Non-commitment statement regarding the API documentation.
train_0470,The office will remain closed next Monday for the national holiday.,NON_COMMITMENT,operations,easy,False,False,False,professional,synthetic_curated,General administrative announcement
train_0471,Please send me the staging deployment over the weekend if possible.,NON_COMMITMENT,sales_client,easy,True,False,False,professional,synthetic_curated,Imperative request to another party without mutual commitment.
train_0472,We might want to revisit the client proposal next quarter.,NON_COMMITMENT,executive,medium,False,False,False,professional,synthetic_curated,Non-commitment statement regarding the client proposal.
train_0473,I will make sure Sneha receives the the database migration script before the client meeting starts.,COMMITMENT,project,medium,True,False,True,professional,synthetic_curated,Definite promise/undertaking involving the database migration script.
train_0474,I might check the wireframes for checkout if I get some free time.,NON_COMMITMENT,engineering,hard,False,True,True,informal_chat,synthetic_curated,"Tentative possibility ('might') conditional on free time, not a binding commitment."
train_0475,We should probably finalize the bug fix patch before 5 PM today.,NON_COMMITMENT,project,medium,True,False,False,professional,synthetic_curated,Advisory suggestion / opinion ('should probably') without personal undertaking.
train_0476,I am going to finalize the revised contract draft by 3 PM this afternoon without fail.,COMMITMENT,engineering,easy,True,False,True,professional,synthetic_curated,Direct undertaking with affirmative emphasis and deadline.
train_0477,It would be great if someone could take a look at the revised contract draft.,NON_COMMITMENT,engineering,hard,False,False,False,professional,synthetic_curated,Non-commitment statement regarding the revised contract draft.
train_0478,"In my opinion, the bug fix patch needs a complete redesign.",NON_COMMITMENT,engineering,easy,False,False,False,professional,synthetic_curated,Subjective opinion regarding quality.
train_0479,"I'll send across the user interview transcripts within the next two hours, promise.",COMMITMENT,personal_errands,easy,True,False,True,professional,synthetic_curated,Definite promise/undertaking involving the user interview transcripts.
train_0480,I'll handle the paperwork for the release candidate build by Wednesday end of day.,COMMITMENT,operations,easy,True,False,True,professional,synthetic_curated,Definite promise/undertaking involving the release candidate build.
train_0481,I commit to finalizing the security audit findings as soon as we resolve the open discussion.,COMMITMENT,sales_client,medium,False,True,True,professional,synthetic_curated,Definite promise/undertaking involving the security audit findings.
train_0482,Alex will write the bug fix patch over the weekend.,COMMITMENT,project,medium,True,False,True,professional,synthetic_curated,Delegated commitment assigning ownership of the bug fix patch to Alex.
train_0483,I hope to finish the code review comments soon.,NON_COMMITMENT,operations,hard,False,False,True,professional,synthetic_curated,Aspirational statement ('hope to') without commitment guarantee.
train_0484,It would be great if someone could take a look at the meeting minutes.,NON_COMMITMENT,engineering,hard,False,False,False,professional,synthetic_curated,Non-commitment statement regarding the meeting minutes.
train_0485,I won't have time to review your pull request tonight.,NON_COMMITMENT,project,hard,True,False,True,professional,synthetic_curated,Explicit refusal / non-commitment statement stating inability to commit.
train_0486,I might check the pricing calculator if I get some free time.,NON_COMMITMENT,engineering,hard,False,True,True,informal_chat,synthetic_curated,"Tentative possibility ('might') conditional on free time, not a binding commitment."
train_0487,I'll get Arjun to sign off on the architecture diagram by Friday noon.,COMMITMENT,executive,medium,True,False,True,professional,synthetic_curated,Definite promise/undertaking involving the architecture diagram.
train_0488,I commit to finalizing the updated pitch deck as soon as we resolve the open discussion.,COMMITMENT,sales_client,medium,False,True,True,professional,synthetic_curated,Definite promise/undertaking involving the updated pitch deck.
train_0489,"Mayur: How was the client call today?
Arjun: Pretty intense, they asked about SOC2 compliance.
Mayur: Do we have the documentation ready?
Arjun: Sarah might know more about that.",NON_COMMITMENT,sales_client,hard,False,False,False,multi_message_messy,synthetic_curated,Messy dialogue containing Informational recap without commitment.
train_0490,"Trust me, I'll have the PR ready for review before 9 AM tomorrow.",COMMITMENT,academic_student,medium,True,False,True,informal_chat,synthetic_curated,Informal peer dialogue containing clear intent and action commitment.
train_0491,I'm thinking about working on the user interview transcripts over the weekend.,NON_COMMITMENT,project,hard,True,False,True,informal_chat,synthetic_curated,Weak intention ('thinking about') lacks promissory undertaking.
train_0492,Can you send the wireframes for checkout before 5 PM today?,NON_COMMITMENT,project,easy,True,False,False,professional,synthetic_curated,Request/question asking recipient; speaker does not make a commitment.
train_0493,"Rest assured, I'll investigate the sprint retrospective notes and report back within the next two hours.",COMMITMENT,engineering,easy,True,False,True,professional,synthetic_curated,Definite promise/undertaking involving the sprint retrospective notes.
train_0494,I wonder if Neha has looked at the unit test suite yet.,NON_COMMITMENT,project,medium,False,False,False,professional,synthetic_curated,Non-commitment statement regarding the unit test suite.
train_0495,I am going to draft the database migration script within the next two hours without fail.,COMMITMENT,engineering,easy,True,False,True,professional,synthetic_curated,Direct undertaking with affirmative emphasis and deadline.
train_0496,Spoke with Elena; they confirmed they are handling the database migration script and will send it by tomorrow at 10 AM.,COMMITMENT,operations,medium,True,False,True,informal_chat,synthetic_curated,Confirmed delegated undertaking on behalf of Elena.
train_0497,"In my opinion, the quarterly OKR summary needs a complete redesign.",NON_COMMITMENT,engineering,easy,False,False,False,professional,synthetic_curated,Subjective opinion regarding quality.
train_0498,We should probably finalize the meeting minutes before the sprint review tomorrow.,NON_COMMITMENT,project,medium,True,False,False,professional,synthetic_curated,Advisory suggestion / opinion ('should probably') without personal undertaking.
train_0499,I'll draft the database migration script within the next two hours.,COMMITMENT,project,easy,True,False,True,professional,synthetic_curated,Explicit first-person commitment to draft deliverable with concrete deadline.
train_0500,Can we discuss the sprint retrospective notes during our 1-on-1 meeting?,NON_COMMITMENT,project,easy,False,False,False,professional,synthetic_curated,Non-commitment statement regarding the sprint retrospective notes.
train_0501,"I'll send across the wireframes for checkout by end of day tomorrow, promise.",COMMITMENT,personal_errands,easy,True,False,True,professional,synthetic_curated,Definite promise/undertaking involving the wireframes for checkout.
train_0502,"Rohan, kindly make sure the user interview transcripts is uploaded within the next two hours.",NON_COMMITMENT,operations,medium,True,False,False,formal_email,synthetic_curated,Directive instructing someone else to perform a task.
train_0503,I will follow up with the vendor regarding the updated pitch deck first thing Monday morning.,COMMITMENT,operations,easy,True,False,True,professional,synthetic_curated,Definite promise/undertaking involving the updated pitch deck.
train_0504,"If any blocker arises with the sprint retrospective notes, I'll notify the channel immediately.",COMMITMENT,engineering,hard,False,True,True,professional,synthetic_curated,Definite promise/undertaking involving the sprint retrospective notes.
train_0505,I commit to finalizing the wireframes for checkout as soon as we resolve the open discussion.,COMMITMENT,sales_client,medium,False,True,True,professional,synthetic_curated,Definite promise/undertaking involving the wireframes for checkout.
train_0506,I'm going to take ownership of the database migration script and deliver it before the client meeting starts.,COMMITMENT,project,easy,True,False,True,professional,synthetic_curated,Definite promise/undertaking involving the database migration script.
train_0507,I'll get Vikram to sign off on the financial forecast by end of day tomorrow.,COMMITMENT,executive,medium,True,False,True,professional,synthetic_curated,Definite promise/undertaking involving the financial forecast.
train_0508,"Rest assured, I'll investigate the financial forecast and report back by end of day tomorrow.",COMMITMENT,engineering,easy,True,False,True,professional,synthetic_curated,Definite promise/undertaking involving the financial forecast.
train_0509,I'll personally verify the quarterly OKR summary before we ship the release first thing Monday morning.,COMMITMENT,engineering,easy,True,False,True,professional,synthetic_curated,Definite promise/undertaking involving the quarterly OKR summary.
train_0510,Could you please review the slide deck for tomorrow's demo when you have a moment?,NON_COMMITMENT,engineering,easy,True,False,False,professional,synthetic_curated,Non-commitment statement regarding the slide deck for tomorrow's demo.
train_0511,I'll grab the printouts from the library on my way to class.,COMMITMENT,academic_student,medium,True,False,True,informal_chat,synthetic_curated,Informal peer dialogue containing clear intent and action commitment.
train_0512,I'll handle the paperwork for the code review comments over the weekend.,COMMITMENT,operations,easy,True,False,True,professional,synthetic_curated,Definite promise/undertaking involving the code review comments.
train_0513,Can you send the API documentation by 3 PM this afternoon?,NON_COMMITMENT,project,easy,True,False,False,professional,synthetic_curated,Request/question asking recipient; speaker does not make a commitment.
train_0514,I will make sure Mayur receives the the API documentation before the sprint review tomorrow.,COMMITMENT,project,medium,True,False,True,professional,synthetic_curated,Definite promise/undertaking involving the API documentation.
train_0515,"Rest assured, I'll investigate the client proposal and report back by Wednesday end of day.",COMMITMENT,engineering,easy,True,False,True,professional,synthetic_curated,Definite promise/undertaking involving the client proposal.
train_0516,I'm thinking about working on the sprint retrospective notes over the weekend.,NON_COMMITMENT,project,hard,True,False,True,informal_chat,synthetic_curated,Weak intention ('thinking about') lacks promissory undertaking.
train_0517,I wonder if Marcus has looked at the meeting minutes yet.,NON_COMMITMENT,project,medium,False,False,False,professional,synthetic_curated,Non-commitment statement regarding the meeting minutes.
train_0518,I commit to finalizing the code review comments as soon as we resolve the open discussion.,COMMITMENT,sales_client,medium,False,True,True,professional,synthetic_curated,Definite promise/undertaking involving the code review comments.
train_0519,Can we discuss the API documentation during our 1-on-1 meeting?,NON_COMMITMENT,project,easy,False,False,False,professional,synthetic_curated,Non-commitment statement regarding the API documentation.
train_0520,We will deliver the client proposal to your team by Wednesday end of day.,COMMITMENT,sales_client,easy,True,False,True,professional,synthetic_curated,Definite promise/undertaking involving the client proposal.
train_0521,I commit to finalizing the quarterly OKR summary as soon as we resolve the open discussion.,COMMITMENT,sales_client,medium,False,True,True,professional,synthetic_curated,Definite promise/undertaking involving the quarterly OKR summary.
train_0522,Please send me the architecture diagram by Friday noon if possible.,NON_COMMITMENT,sales_client,easy,True,False,False,professional,synthetic_curated,Imperative request to another party without mutual commitment.
train_0523,"If any blocker arises with the quotation spreadsheet, I'll notify the channel immediately.",COMMITMENT,engineering,hard,False,True,True,professional,synthetic_curated,Definite promise/undertaking involving the quotation spreadsheet.
train_0524,Marcus will send the customer refund request by end of day tomorrow.,COMMITMENT,project,medium,True,False,True,professional,synthetic_curated,Delegated commitment assigning ownership of the customer refund request to Marcus.
train_0525,I'll double check the figures for the staging deployment tonight.,COMMITMENT,sales_client,easy,True,False,True,professional,synthetic_curated,Definite promise/undertaking involving the staging deployment.
train_0526,I think the staging deployment was already approved by Kavya.,NON_COMMITMENT,operations,medium,False,False,False,professional,synthetic_curated,Non-commitment statement regarding the staging deployment.
train_0527,I'll get David to sign off on the customer refund request before 5 PM today.,COMMITMENT,executive,medium,True,False,True,professional,synthetic_curated,Definite promise/undertaking involving the customer refund request.
train_0528,It would be great if someone could take a look at the updated pitch deck.,NON_COMMITMENT,engineering,hard,False,False,False,professional,synthetic_curated,Non-commitment statement regarding the updated pitch deck.
train_0529,"As soon as the staging server is back up, I will upload the database migration script by 3 PM this afternoon.",COMMITMENT,engineering,medium,True,True,True,professional,synthetic_curated,Conditional commitment triggered upon condition fulfillment.
train_0530,I wonder if David has looked at the quotation spreadsheet yet.,NON_COMMITMENT,project,medium,False,False,False,professional,synthetic_curated,Non-commitment statement regarding the quotation spreadsheet.
train_0531,I'm thinking about working on the database migration script before 5 PM today.,NON_COMMITMENT,project,hard,True,False,True,informal_chat,synthetic_curated,Weak intention ('thinking about') lacks promissory undertaking.
train_0532,I'll double check the figures for the API documentation tonight.,COMMITMENT,sales_client,easy,True,False,True,professional,synthetic_curated,Definite promise/undertaking involving the API documentation.
train_0533,"Count me in for the security audit findings, I will finish it tonight before midnight.",COMMITMENT,academic_student,medium,True,False,True,informal_chat,synthetic_curated,Definite promise/undertaking involving the security audit findings.
train_0534,I think the client proposal was already approved by Ananya.,NON_COMMITMENT,operations,medium,False,False,False,professional,synthetic_curated,Non-commitment statement regarding the client proposal.
train_0535,"Rest assured, I'll investigate the architecture diagram and report back by Friday noon.",COMMITMENT,engineering,easy,True,False,True,professional,synthetic_curated,Definite promise/undertaking involving the architecture diagram.
train_0536,I'll double check the figures for the financial forecast tonight.,COMMITMENT,sales_client,easy,True,False,True,professional,synthetic_curated,Definite promise/undertaking involving the financial forecast.
train_0537,Please send me the revised contract draft before the sprint review tomorrow if possible.,NON_COMMITMENT,sales_client,easy,True,False,False,professional,synthetic_curated,Imperative request to another party without mutual commitment.
train_0538,We will deliver the financial forecast to your team by end of day tomorrow.,COMMITMENT,sales_client,easy,True,False,True,professional,synthetic_curated,Definite promise/undertaking involving the financial forecast.
train_0539,I am going to deliver the user interview transcripts by Wednesday end of day without fail.,COMMITMENT,engineering,easy,True,False,True,professional,synthetic_curated,Direct undertaking with affirmative emphasis and deadline.
train_0540,I hope to finish the sprint retrospective notes soon.,NON_COMMITMENT,operations,hard,False,False,True,professional,synthetic_curated,Aspirational statement ('hope to') without commitment guarantee.
train_0541,Please send me the user interview transcripts within the next two hours if possible.,NON_COMMITMENT,sales_client,easy,True,False,False,professional,synthetic_curated,Imperative request to another party without mutual commitment.
train_0542,"Kavya, kindly make sure the sprint retrospective notes is uploaded within the next two hours.",NON_COMMITMENT,operations,medium,True,False,False,formal_email,synthetic_curated,Directive instructing someone else to perform a task.
train_0543,Why was the sprint retrospective notes not updated in the shared folder?,NON_COMMITMENT,operations,easy,False,False,False,professional,synthetic_curated,Non-commitment statement regarding the sprint retrospective notes.
train_0544,I'll personally verify the API documentation before we ship the release before the sprint review tomorrow.,COMMITMENT,engineering,easy,True,False,True,professional,synthetic_curated,Definite promise/undertaking involving the API documentation.
train_0545,"If any blocker arises with the API documentation, I'll notify the channel immediately.",COMMITMENT,engineering,hard,False,True,True,professional,synthetic_curated,Definite promise/undertaking involving the API documentation.
train_0546,I think the database migration script was already approved by Sneha.,NON_COMMITMENT,operations,medium,False,False,False,professional,synthetic_curated,Non-commitment statement regarding the database migration script.
train_0547,I'll handle the paperwork for the pricing calculator before the client meeting starts.,COMMITMENT,operations,easy,True,False,True,professional,synthetic_curated,Definite promise/undertaking involving the pricing calculator.
train_0548,Who is responsible for preparing the unit test suite?,NON_COMMITMENT,operations,easy,False,False,False,professional,synthetic_curated,Informational inquiry regarding responsibility.
train_0549,Please send me the client proposal by Wednesday end of day if possible.,NON_COMMITMENT,sales_client,easy,True,False,False,professional,synthetic_curated,Imperative request to another party without mutual commitment.
train_0550,I'll get Priya to sign off on the revised contract draft before the sprint review tomorrow.,COMMITMENT,executive,medium,True,False,True,professional,synthetic_curated,Definite promise/undertaking involving the revised contract draft.
train_0551,Is the quotation spreadsheet expected to be completed tonight before midnight?,NON_COMMITMENT,project,easy,True,False,False,professional,synthetic_curated,Non-commitment statement regarding the quotation spreadsheet.
train_0552,Who is responsible for preparing the bug fix patch?,NON_COMMITMENT,operations,easy,False,False,False,professional,synthetic_curated,Informational inquiry regarding responsibility.
train_0553,It would be great if someone could take a look at the bug fix patch.,NON_COMMITMENT,engineering,hard,False,False,False,professional,synthetic_curated,Non-commitment statement regarding the bug fix patch.
train_0554,Sneha will finalize the unit test suite before the sprint review tomorrow.,COMMITMENT,project,medium,True,False,True,professional,synthetic_curated,Delegated commitment assigning ownership of the unit test suite to Sneha.
train_0555,I will follow up with the vendor regarding the slide deck for tomorrow's demo by tomorrow at 10 AM.,COMMITMENT,operations,easy,True,False,True,professional,synthetic_curated,Definite promise/undertaking involving the slide deck for tomorrow's demo.
train_0556,Can we discuss the pricing calculator during our 1-on-1 meeting?,NON_COMMITMENT,project,easy,False,False,False,professional,synthetic_curated,Non-commitment statement regarding the pricing calculator.
train_0557,I'll personally verify the database migration script before we ship the release before the client meeting starts.,COMMITMENT,engineering,easy,True,False,True,professional,synthetic_curated,Definite promise/undertaking involving the database migration script.
train_0558,Could you please review the code review comments when you have a moment?,NON_COMMITMENT,engineering,easy,True,False,False,professional,synthetic_curated,Non-commitment statement regarding the code review comments.
train_0559,I'll personally verify the meeting minutes before we ship the release by Friday noon.,COMMITMENT,engineering,easy,True,False,True,professional,synthetic_curated,Definite promise/undertaking involving the meeting minutes.
train_0560,I'll get Vikram to sign off on the bug fix patch by tomorrow at 10 AM.,COMMITMENT,executive,medium,True,False,True,professional,synthetic_curated,Definite promise/undertaking involving the bug fix patch.
train_0561,I'll get Rohan to sign off on the sprint retrospective notes within the next two hours.,COMMITMENT,executive,medium,True,False,True,professional,synthetic_curated,Definite promise/undertaking involving the sprint retrospective notes.
train_0562,I'm thinking about working on the code review comments first thing Monday morning.,NON_COMMITMENT,project,hard,True,False,True,informal_chat,synthetic_curated,Weak intention ('thinking about') lacks promissory undertaking.
train_0563,It would be great if someone could take a look at the customer refund request.,NON_COMMITMENT,engineering,hard,False,False,False,professional,synthetic_curated,Non-commitment statement regarding the customer refund request.
train_0564,Can you send the staging deployment by tomorrow at 10 AM?,NON_COMMITMENT,project,easy,True,False,False,professional,synthetic_curated,Request/question asking recipient; speaker does not make a commitment.
train_0565,"Rest assured, I'll investigate the customer refund request and report back before 5 PM today.",COMMITMENT,engineering,easy,True,False,True,professional,synthetic_curated,Definite promise/undertaking involving the customer refund request.
train_0566,I'm thinking about working on the slide deck for tomorrow's demo by end of day tomorrow.,NON_COMMITMENT,project,hard,True,False,True,informal_chat,synthetic_curated,Weak intention ('thinking about') lacks promissory undertaking.
train_0567,Can you send the project timeline by Friday noon?,NON_COMMITMENT,project,easy,True,False,False,professional,synthetic_curated,Request/question asking recipient; speaker does not make a commitment.
train_0568,Please send me the database migration script before the client meeting starts if possible.,NON_COMMITMENT,sales_client,easy,True,False,False,professional,synthetic_curated,Imperative request to another party without mutual commitment.
train_0569,We might want to revisit the invoice breakdown next quarter.,NON_COMMITMENT,executive,medium,False,False,False,professional,synthetic_curated,Non-commitment statement regarding the invoice breakdown.
train_0570,We should probably finalize the architecture diagram before the sprint review tomorrow.,NON_COMMITMENT,project,medium,True,False,False,professional,synthetic_curated,Advisory suggestion / opinion ('should probably') without personal undertaking.
train_0571,I might check the database migration script if I get some free time.,NON_COMMITMENT,engineering,hard,False,True,True,informal_chat,synthetic_curated,"Tentative possibility ('might') conditional on free time, not a binding commitment."
train_0572,I'll personally verify the release candidate build before we ship the release by Wednesday end of day.,COMMITMENT,engineering,easy,True,False,True,professional,synthetic_curated,Definite promise/undertaking involving the release candidate build.
train_0573,I'll personally verify the customer refund request before we ship the release before 5 PM today.,COMMITMENT,engineering,easy,True,False,True,professional,synthetic_curated,Definite promise/undertaking involving the customer refund request.
train_0574,I'll prepare the meeting minutes tonight before midnight.,COMMITMENT,engineering,easy,True,False,True,professional,synthetic_curated,Explicit first-person commitment to prepare deliverable with concrete deadline.
train_0575,The production server CPU utilization spiked to 98% at 3 AM.,NON_COMMITMENT,engineering,easy,False,False,False,professional,synthetic_curated,Status event report
train_0576,Is the database migration script expected to be completed before the client meeting starts?,NON_COMMITMENT,project,easy,True,False,False,professional,synthetic_curated,Non-commitment statement regarding the database migration script.
train_0577,I am going to upload the release candidate build before the sprint review tomorrow without fail.,COMMITMENT,engineering,easy,True,False,True,professional,synthetic_curated,Direct undertaking with affirmative emphasis and deadline.
train_0578,I hope to finish the client proposal soon.,NON_COMMITMENT,operations,hard,False,False,True,professional,synthetic_curated,Aspirational statement ('hope to') without commitment guarantee.
train_0579,I'll handle the paperwork for the client proposal by Wednesday end of day.,COMMITMENT,operations,easy,True,False,True,professional,synthetic_curated,Definite promise/undertaking involving the client proposal.
train_0580,I'll get Mayur to sign off on the pricing calculator before the client meeting starts.,COMMITMENT,executive,medium,True,False,True,professional,synthetic_curated,Definite promise/undertaking involving the pricing calculator.
train_0581,I'll get Sneha to sign off on the invoice breakdown before 5 PM today.,COMMITMENT,executive,medium,True,False,True,professional,synthetic_curated,Definite promise/undertaking involving the invoice breakdown.
train_0582,Please send me the API documentation before the sprint review tomorrow if possible.,NON_COMMITMENT,sales_client,easy,True,False,False,professional,synthetic_curated,Imperative request to another party without mutual commitment.
train_0583,I'll personally verify the staging deployment before we ship the release over the weekend.,COMMITMENT,engineering,easy,True,False,True,professional,synthetic_curated,Definite promise/undertaking involving the staging deployment.
train_0584,Can you send the customer refund request over the weekend?,NON_COMMITMENT,project,easy,True,False,False,professional,synthetic_curated,Request/question asking recipient; speaker does not make a commitment.
train_0585,We will deliver the quarterly OKR summary to your team first thing Monday morning.,COMMITMENT,sales_client,easy,True,False,True,professional,synthetic_curated,Definite promise/undertaking involving the quarterly OKR summary.
train_0586,"In my opinion, the user interview transcripts needs a complete redesign.",NON_COMMITMENT,engineering,easy,False,False,False,professional,synthetic_curated,Subjective opinion regarding quality.
train_0587,Haha that meme you posted in general chat was hilarious.,NON_COMMITMENT,academic_student,easy,False,False,False,informal_chat,synthetic_curated,Informal social banter
train_0588,"Count on me for the database seeds, will have them ready in 30 mins.",COMMITMENT,academic_student,medium,True,False,True,informal_chat,synthetic_curated,Informal peer dialogue containing clear intent and action commitment.
train_0589,Did Neha already finish the release candidate build?,NON_COMMITMENT,project,easy,False,False,False,professional,synthetic_curated,Status question about past action.
train_0590,Can you send the sprint retrospective notes by Wednesday end of day?,NON_COMMITMENT,project,easy,True,False,False,professional,synthetic_curated,Request/question asking recipient; speaker does not make a commitment.
train_0591,"Arjun, kindly make sure the financial forecast is uploaded by end of day tomorrow.",NON_COMMITMENT,operations,medium,True,False,False,formal_email,synthetic_curated,Directive instructing someone else to perform a task.
train_0592,"I'll send across the unit test suite by 3 PM this afternoon, promise.",COMMITMENT,personal_errands,easy,True,False,True,professional,synthetic_curated,Definite promise/undertaking involving the unit test suite.
train_0593,We might want to revisit the pricing calculator next quarter.,NON_COMMITMENT,executive,medium,False,False,False,professional,synthetic_curated,Non-commitment statement regarding the pricing calculator.
train_0594,"If you can confirm the numbers, Rohan and I will prepare the API documentation.",COMMITMENT,executive,hard,False,True,True,formal_email,synthetic_curated,Joint conditional commitment tied to user confirmation.
train_0595,We should probably finalize the customer refund request first thing Monday morning.,NON_COMMITMENT,project,medium,True,False,False,professional,synthetic_curated,Advisory suggestion / opinion ('should probably') without personal undertaking.
train_0596,I am going to finalize the API documentation by 3 PM this afternoon without fail.,COMMITMENT,engineering,easy,True,False,True,professional,synthetic_curated,Direct undertaking with affirmative emphasis and deadline.
train_0597,I am going to submit the quotation spreadsheet first thing Monday morning without fail.,COMMITMENT,engineering,easy,True,False,True,professional,synthetic_curated,Direct undertaking with affirmative emphasis and deadline.
train_0598,I might check the API documentation if I get some free time.,NON_COMMITMENT,engineering,hard,False,True,True,informal_chat,synthetic_curated,"Tentative possibility ('might') conditional on free time, not a binding commitment."
train_0599,I'll double check the figures for the unit test suite tonight.,COMMITMENT,sales_client,easy,True,False,True,professional,synthetic_curated,Definite promise/undertaking involving the unit test suite.
train_0600,I hope to finish the pricing calculator soon.,NON_COMMITMENT,operations,hard,False,False,True,professional,synthetic_curated,Aspirational statement ('hope to') without commitment guarantee.
train_0601,Spoke with Marcus; they confirmed they are handling the customer refund request and will send it by end of day tomorrow.,COMMITMENT,operations,medium,True,False,True,informal_chat,synthetic_curated,Confirmed delegated undertaking on behalf of Marcus.
train_0602,I hope to finish the API documentation soon.,NON_COMMITMENT,operations,hard,False,False,True,professional,synthetic_curated,Aspirational statement ('hope to') without commitment guarantee.
train_0603,Please ensure that the invoice breakdown follows the new formatting guidelines.,NON_COMMITMENT,sales_client,easy,False,False,False,professional,synthetic_curated,Non-commitment statement regarding the invoice breakdown.
train_0604,I will upload the latest version of the sprint retrospective notes to Google Drive within the next two hours.,COMMITMENT,project,easy,True,False,True,professional,synthetic_curated,Definite promise/undertaking involving the sprint retrospective notes.
train_0605,We might want to revisit the code review comments next quarter.,NON_COMMITMENT,executive,medium,False,False,False,professional,synthetic_curated,Non-commitment statement regarding the code review comments.
train_0606,I'll upload the release candidate build before the sprint review tomorrow.,COMMITMENT,project,easy,True,False,True,professional,synthetic_curated,Explicit first-person commitment to upload deliverable with concrete deadline.
train_0607,I'm going to take ownership of the project timeline and deliver it by 3 PM this afternoon.,COMMITMENT,project,easy,True,False,True,professional,synthetic_curated,Definite promise/undertaking involving the project timeline.
train_0608,"Rest assured, I'll investigate the project timeline and report back by 3 PM this afternoon.",COMMITMENT,engineering,easy,True,False,True,professional,synthetic_curated,Definite promise/undertaking involving the project timeline.
train_0609,I commit to finalizing the architecture diagram as soon as we resolve the open discussion.,COMMITMENT,sales_client,medium,False,True,True,professional,synthetic_curated,Definite promise/undertaking involving the architecture diagram.
train_0610,We will deliver the API documentation to your team before the sprint review tomorrow.,COMMITMENT,sales_client,easy,True,False,True,professional,synthetic_curated,Definite promise/undertaking involving the API documentation.
train_0611,We might want to revisit the unit test suite next quarter.,NON_COMMITMENT,executive,medium,False,False,False,professional,synthetic_curated,Non-commitment statement regarding the unit test suite.
train_0612,Please send me the invoice breakdown before 5 PM today if possible.,NON_COMMITMENT,sales_client,easy,True,False,False,professional,synthetic_curated,Imperative request to another party without mutual commitment.
train_0613,I'll personally verify the project timeline before we ship the release by 3 PM this afternoon.,COMMITMENT,engineering,easy,True,False,True,professional,synthetic_curated,Definite promise/undertaking involving the project timeline.
train_0614,We will deliver the sprint retrospective notes to your team within the next two hours.,COMMITMENT,sales_client,easy,True,False,True,professional,synthetic_curated,Definite promise/undertaking involving the sprint retrospective notes.
train_0615,I might check the architecture diagram if I get some free time.,NON_COMMITMENT,engineering,hard,False,True,True,informal_chat,synthetic_curated,"Tentative possibility ('might') conditional on free time, not a binding commitment."
train_0616,"I'll send across the customer refund request before 5 PM today, promise.",COMMITMENT,personal_errands,easy,True,False,True,professional,synthetic_curated,Definite promise/undertaking involving the customer refund request.
train_0617,I commit to finalizing the staging deployment as soon as we resolve the open discussion.,COMMITMENT,sales_client,medium,False,True,True,professional,synthetic_curated,Definite promise/undertaking involving the staging deployment.
train_0618,I'll double check the figures for the meeting minutes tonight.,COMMITMENT,sales_client,easy,True,False,True,professional,synthetic_curated,Definite promise/undertaking involving the meeting minutes.
train_0619,Can you send the updated pitch deck by end of day tomorrow?,NON_COMMITMENT,project,easy,True,False,False,professional,synthetic_curated,Request/question asking recipient; speaker does not make a commitment.
train_0620,Can we discuss the code review comments during our 1-on-1 meeting?,NON_COMMITMENT,project,easy,False,False,False,professional,synthetic_curated,Non-commitment statement regarding the code review comments.
train_0621,It would be great if someone could take a look at the pricing calculator.,NON_COMMITMENT,engineering,hard,False,False,False,professional,synthetic_curated,Non-commitment statement regarding the pricing calculator.
train_0622,Please ensure that the financial forecast follows the new formatting guidelines.,NON_COMMITMENT,sales_client,easy,False,False,False,professional,synthetic_curated,Non-commitment statement regarding the financial forecast.
train_0623,I'll handle the paperwork for the security audit findings tonight before midnight.,COMMITMENT,operations,easy,True,False,True,professional,synthetic_curated,Definite promise/undertaking involving the security audit findings.
train_0624,"Rest assured, I'll investigate the meeting minutes and report back by Friday noon.",COMMITMENT,engineering,easy,True,False,True,professional,synthetic_curated,Definite promise/undertaking involving the meeting minutes.
train_0625,Can you send the pricing calculator within the next two hours?,NON_COMMITMENT,project,easy,True,False,False,professional,synthetic_curated,Request/question asking recipient; speaker does not make a commitment.
train_0626,Could you please review the release candidate build when you have a moment?,NON_COMMITMENT,engineering,easy,True,False,False,professional,synthetic_curated,Non-commitment statement regarding the release candidate build.
train_0627,I hope to finish the customer refund request soon.,NON_COMMITMENT,operations,hard,False,False,True,professional,synthetic_curated,Aspirational statement ('hope to') without commitment guarantee.
train_0628,I will follow up with the vendor regarding the sprint retrospective notes within the next two hours.,COMMITMENT,operations,easy,True,False,True,professional,synthetic_curated,Definite promise/undertaking involving the sprint retrospective notes.
train_0629,"In my opinion, the database migration script needs a complete redesign.",NON_COMMITMENT,engineering,easy,False,False,False,professional,synthetic_curated,Subjective opinion regarding quality.
train_0630,Can you send the revised contract draft by 3 PM this afternoon?,NON_COMMITMENT,project,easy,True,False,False,professional,synthetic_curated,Request/question asking recipient; speaker does not make a commitment.
train_0631,I promise to write the staging deployment.,COMMITMENT,operations,easy,False,False,True,professional,synthetic_curated,Explicit promissory statement committing speaker to write the staging deployment.
train_0632,"If any blocker arises with the unit test suite, I'll notify the channel immediately.",COMMITMENT,engineering,hard,False,True,True,professional,synthetic_curated,Definite promise/undertaking involving the unit test suite.
train_0633,"If you can confirm the numbers, Ananya and I will submit the unit test suite.",COMMITMENT,executive,hard,False,True,True,formal_email,synthetic_curated,Joint conditional commitment tied to user confirmation.
train_0634,I'll double check the figures for the client proposal tonight.,COMMITMENT,sales_client,easy,True,False,True,professional,synthetic_curated,Definite promise/undertaking involving the client proposal.
train_0635,Spoke with Ananya; they confirmed they are handling the quotation spreadsheet and will send it by Friday noon.,COMMITMENT,operations,medium,True,False,True,informal_chat,synthetic_curated,Confirmed delegated undertaking on behalf of Ananya.
train_0636,We might want to revisit the customer refund request next quarter.,NON_COMMITMENT,executive,medium,False,False,False,professional,synthetic_curated,Non-commitment statement regarding the customer refund request.
train_0637,I am going to write the code review comments by tomorrow at 10 AM without fail.,COMMITMENT,engineering,easy,True,False,True,professional,synthetic_curated,Direct undertaking with affirmative emphasis and deadline.
train_0638,Can we discuss the release candidate build during our 1-on-1 meeting?,NON_COMMITMENT,project,easy,False,False,False,professional,synthetic_curated,Non-commitment statement regarding the release candidate build.
train_0639,Please send me the updated pitch deck first thing Monday morning if possible.,NON_COMMITMENT,sales_client,easy,True,False,False,professional,synthetic_curated,Imperative request to another party without mutual commitment.
train_0640,Can you send the quarterly OKR summary by end of day tomorrow?,NON_COMMITMENT,project,easy,True,False,False,professional,synthetic_curated,Request/question asking recipient; speaker does not make a commitment.
train_0641,"Sneha, kindly make sure the API documentation is uploaded before the sprint review tomorrow.",NON_COMMITMENT,operations,medium,True,False,False,formal_email,synthetic_curated,Directive instructing someone else to perform a task.
train_0642,Is the customer refund request expected to be completed before 5 PM today?,NON_COMMITMENT,project,easy,True,False,False,professional,synthetic_curated,Non-commitment statement regarding the customer refund request.
train_0643,We will deliver the security audit findings to your team tonight before midnight.,COMMITMENT,sales_client,easy,True,False,True,professional,synthetic_curated,Definite promise/undertaking involving the security audit findings.
train_0644,"Count me in for the database migration script, I will finish it before the client meeting starts.",COMMITMENT,academic_student,medium,True,False,True,informal_chat,synthetic_curated,Definite promise/undertaking involving the database migration script.
train_0645,I will follow up with the vendor regarding the revised contract draft before the sprint review tomorrow.,COMMITMENT,operations,easy,True,False,True,professional,synthetic_curated,Definite promise/undertaking involving the revised contract draft.
train_0646,I promise I'll look into the quotation spreadsheet first thing tomorrow.,COMMITMENT,engineering,easy,True,False,True,professional,synthetic_curated,Definite promise/undertaking involving the quotation spreadsheet.
train_0647,"Rest assured, I'll investigate the quarterly OKR summary and report back first thing Monday morning.",COMMITMENT,engineering,easy,True,False,True,professional,synthetic_curated,Definite promise/undertaking involving the quarterly OKR summary.
train_0648,I hope to finish the financial forecast soon.,NON_COMMITMENT,operations,hard,False,False,True,professional,synthetic_curated,Aspirational statement ('hope to') without commitment guarantee.
train_0649,Could you please review the project timeline when you have a moment?,NON_COMMITMENT,engineering,easy,True,False,False,professional,synthetic_curated,Non-commitment statement regarding the project timeline.
train_0650,Please ensure that the unit test suite follows the new formatting guidelines.,NON_COMMITMENT,sales_client,easy,False,False,False,professional,synthetic_curated,Non-commitment statement regarding the unit test suite.
train_0651,I wonder if Sneha has looked at the database migration script yet.,NON_COMMITMENT,project,medium,False,False,False,professional,synthetic_curated,Non-commitment statement regarding the database migration script.
train_0652,Why was the API documentation not updated in the shared folder?,NON_COMMITMENT,operations,easy,False,False,False,professional,synthetic_curated,Non-commitment statement regarding the API documentation.
train_0653,I'm not sure if the sprint retrospective notes is ready for client review.,NON_COMMITMENT,sales_client,medium,False,False,False,professional,synthetic_curated,Non-commitment statement regarding the sprint retrospective notes.
train_0654,Please send me the quotation spreadsheet tonight before midnight if possible.,NON_COMMITMENT,sales_client,easy,True,False,False,professional,synthetic_curated,Imperative request to another party without mutual commitment.
train_0655,I think the security audit findings was already approved by Chen.,NON_COMMITMENT,operations,medium,False,False,False,professional,synthetic_curated,Non-commitment statement regarding the security audit findings.
train_0656,I promise to write the code review comments.,COMMITMENT,operations,easy,False,False,True,professional,synthetic_curated,Explicit promissory statement committing speaker to write the code review comments.
train_0657,"Count me in for the project timeline, I will finish it by 3 PM this afternoon.",COMMITMENT,academic_student,medium,True,False,True,informal_chat,synthetic_curated,Definite promise/undertaking involving the project timeline.
train_0658,Can we discuss the revised contract draft during our 1-on-1 meeting?,NON_COMMITMENT,project,easy,False,False,False,professional,synthetic_curated,Non-commitment statement regarding the revised contract draft.
train_0659,Can you send the meeting minutes tonight before midnight?,NON_COMMITMENT,project,easy,True,False,False,professional,synthetic_curated,Request/question asking recipient; speaker does not make a commitment.
train_0660,"Neha: Is the conference room free at 4 PM?
Vikram: I think the marketing team booked it until 5.
Neha: Alright, we can just do a Google Meet instead.
Vikram: Works for me.",NON_COMMITMENT,operations,hard,False,False,False,multi_message_messy,synthetic_curated,Messy dialogue containing Logistical room check with no promise.
train_0661,I'll get Elena to sign off on the wireframes for checkout by end of day tomorrow.,COMMITMENT,executive,medium,True,False,True,professional,synthetic_curated,Definite promise/undertaking involving the wireframes for checkout.
train_0662,I commit to finalizing the bug fix patch as soon as we resolve the open discussion.,COMMITMENT,sales_client,medium,False,True,True,professional,synthetic_curated,Definite promise/undertaking involving the bug fix patch.
train_0663,Please send me the customer refund request before 5 PM today if possible.,NON_COMMITMENT,sales_client,easy,True,False,False,professional,synthetic_curated,Imperative request to another party without mutual commitment.
train_0664,I commit to finalizing the invoice breakdown as soon as we resolve the open discussion.,COMMITMENT,sales_client,medium,False,True,True,professional,synthetic_curated,Definite promise/undertaking involving the invoice breakdown.
train_0665,I'll handle the paperwork for the project timeline by 3 PM this afternoon.,COMMITMENT,operations,easy,True,False,True,professional,synthetic_curated,Definite promise/undertaking involving the project timeline.
train_0666,I think the unit test suite was already approved by Neha.,NON_COMMITMENT,operations,medium,False,False,False,professional,synthetic_curated,Non-commitment statement regarding the unit test suite.
train_0667,Please ensure that the bug fix patch follows the new formatting guidelines.,NON_COMMITMENT,sales_client,easy,False,False,False,professional,synthetic_curated,Non-commitment statement regarding the bug fix patch.
train_0668,Spoke with Mayur; they confirmed they are handling the project timeline and will send it before the sprint review tomorrow.,COMMITMENT,operations,medium,True,False,True,informal_chat,synthetic_curated,Confirmed delegated undertaking on behalf of Mayur.
train_0669,"Rest assured, I'll investigate the invoice breakdown and report back before 5 PM today.",COMMITMENT,engineering,easy,True,False,True,professional,synthetic_curated,Definite promise/undertaking involving the invoice breakdown.
train_0670,I'll personally verify the revised contract draft before we ship the release before the sprint review tomorrow.,COMMITMENT,engineering,easy,True,False,True,professional,synthetic_curated,Definite promise/undertaking involving the revised contract draft.
train_0671,I'm going to take ownership of the security audit findings and deliver it tonight before midnight.,COMMITMENT,project,easy,True,False,True,professional,synthetic_curated,Definite promise/undertaking involving the security audit findings.
train_0672,Is the user interview transcripts expected to be completed within the next two hours?,NON_COMMITMENT,project,easy,True,False,False,professional,synthetic_curated,Non-commitment statement regarding the user interview transcripts.
train_0673,I'll handle the paperwork for the financial forecast by end of day tomorrow.,COMMITMENT,operations,easy,True,False,True,professional,synthetic_curated,Definite promise/undertaking involving the financial forecast.
train_0674,Why was the financial forecast not updated in the shared folder?,NON_COMMITMENT,operations,easy,False,False,False,professional,synthetic_curated,Non-commitment statement regarding the financial forecast.
train_0675,"I'll send across the revised contract draft before the sprint review tomorrow, promise.",COMMITMENT,personal_errands,easy,True,False,True,professional,synthetic_curated,Definite promise/undertaking involving the revised contract draft.
train_0676,I hope to finish the architecture diagram soon.,NON_COMMITMENT,operations,hard,False,False,True,professional,synthetic_curated,Aspirational statement ('hope to') without commitment guarantee.
train_0677,I'll double check the figures for the release candidate build tonight.,COMMITMENT,sales_client,easy,True,False,True,professional,synthetic_curated,Definite promise/undertaking involving the release candidate build.
train_0678,Could you please review the architecture diagram when you have a moment?,NON_COMMITMENT,engineering,easy,True,False,False,professional,synthetic_curated,Non-commitment statement regarding the architecture diagram.
train_0679,Why was the quarterly OKR summary not updated in the shared folder?,NON_COMMITMENT,operations,easy,False,False,False,professional,synthetic_curated,Non-commitment statement regarding the quarterly OKR summary.
train_0680,"Understood, I will let you know if we have any further questions.",NON_COMMITMENT,sales_client,easy,False,False,False,informal_chat,synthetic_curated,Standard closing pleasantry
train_0681,We should probably finalize the release candidate build before the client meeting starts.,NON_COMMITMENT,project,medium,True,False,False,professional,synthetic_curated,Advisory suggestion / opinion ('should probably') without personal undertaking.
train_0682,I'll handle the paperwork for the database migration script before the client meeting starts.,COMMITMENT,operations,easy,True,False,True,professional,synthetic_curated,Definite promise/undertaking involving the database migration script.
train_0683,Is the slide deck for tomorrow's demo expected to be completed by tomorrow at 10 AM?,NON_COMMITMENT,project,easy,True,False,False,professional,synthetic_curated,Non-commitment statement regarding the slide deck for tomorrow's demo.
train_0684,Vikram will upload the API documentation by Wednesday end of day.,COMMITMENT,project,medium,True,False,True,professional,synthetic_curated,Delegated commitment assigning ownership of the API documentation to Vikram.
train_0685,I might check the security audit findings if I get some free time.,NON_COMMITMENT,engineering,hard,False,True,True,informal_chat,synthetic_curated,"Tentative possibility ('might') conditional on free time, not a binding commitment."
train_0686,"Rest assured, I'll investigate the security audit findings and report back tonight before midnight.",COMMITMENT,engineering,easy,True,False,True,professional,synthetic_curated,Definite promise/undertaking involving the security audit findings.
train_0687,We should probably finalize the sprint retrospective notes by tomorrow at 10 AM.,NON_COMMITMENT,project,medium,True,False,False,professional,synthetic_curated,Advisory suggestion / opinion ('should probably') without personal undertaking.
train_0688,I promise to submit the security audit findings.,COMMITMENT,operations,easy,False,False,True,professional,synthetic_curated,Explicit promissory statement committing speaker to submit the security audit findings.
train_0689,Please ensure that the security audit findings follows the new formatting guidelines.,NON_COMMITMENT,sales_client,easy,False,False,False,professional,synthetic_curated,Non-commitment statement regarding the security audit findings.
train_0690,Did Rohan already finish the client proposal?,NON_COMMITMENT,project,easy,False,False,False,professional,synthetic_curated,Status question about past action.
train_0691,I'll get Kavya to sign off on the updated pitch deck first thing Monday morning.,COMMITMENT,executive,medium,True,False,True,professional,synthetic_curated,Definite promise/undertaking involving the updated pitch deck.
train_0692,I will follow up with the vendor regarding the code review comments over the weekend.,COMMITMENT,operations,easy,True,False,True,professional,synthetic_curated,Definite promise/undertaking involving the code review comments.
train_0693,"I'll send across the release candidate build by Wednesday end of day, promise.",COMMITMENT,personal_errands,easy,True,False,True,professional,synthetic_curated,Definite promise/undertaking involving the release candidate build.
train_0694,"Count me in for the wireframes for checkout, I will finish it by end of day tomorrow.",COMMITMENT,academic_student,medium,True,False,True,informal_chat,synthetic_curated,Definite promise/undertaking involving the wireframes for checkout.
train_0695,"bro don't stress, I'll finish my part of the slides before midnight.",COMMITMENT,academic_student,medium,True,False,True,informal_chat,synthetic_curated,Informal peer dialogue containing clear intent and action commitment.
train_0696,Spoke with Kavya; they confirmed they are handling the slide deck for tomorrow's demo and will send it over the weekend.,COMMITMENT,operations,medium,True,False,True,informal_chat,synthetic_curated,Confirmed delegated undertaking on behalf of Kavya.
train_0697,I'll double check the figures for the database migration script tonight.,COMMITMENT,sales_client,easy,True,False,True,professional,synthetic_curated,Definite promise/undertaking involving the database migration script.
train_0698,I might check the staging deployment if I get some free time.,NON_COMMITMENT,engineering,hard,False,True,True,informal_chat,synthetic_curated,"Tentative possibility ('might') conditional on free time, not a binding commitment."
train_0699,I will upload the latest version of the architecture diagram to Google Drive by Friday noon.,COMMITMENT,project,easy,True,False,True,professional,synthetic_curated,Definite promise/undertaking involving the architecture diagram.
train_0700,Please ensure that the wireframes for checkout follows the new formatting guidelines.,NON_COMMITMENT,sales_client,easy,False,False,False,professional,synthetic_curated,Non-commitment statement regarding the wireframes for checkout.
hard_train_0001,"No worries at all, I will deliver the spreadsheet before our 3 PM meeting.",COMMITMENT,operations,hard,True,False,True,conversational,chat,"Conversational or idiomatic commitment expressing clear, affirmative undertaking by speaker."
hard_train_0002,We commit to reducing API response latency by 20 percent before the next release cycle.,COMMITMENT,engineering,medium,False,False,True,professional,meeting_transcript,Team-level firm undertaking binding group or department to concrete deliverable.
hard_train_0003,Quarterly OKR scoring occurs during the first week of each new quarter.,NON_COMMITMENT,executive,hard,False,False,False,professional,meeting_transcript,"General descriptive statement explaining routine, policy, or recurring schedule."
hard_train_0004,Great point about the database indexes. I will benchmark the queries and apply the migration script tonight.,COMMITMENT,engineering,hard,True,False,True,conversational,ticket,"Multi-sentence conversational message concluding with a clear, direct commitment to act."
hard_train_0005,The nightly backup job archives the database cluster at 2 AM every day.,NON_COMMITMENT,engineering,hard,True,False,False,professional,ticket,"General descriptive statement explaining routine, policy, or recurring schedule."
hard_train_0006,The library closes at 10 PM on weekdays during final exams.,NON_COMMITMENT,academic_student,hard,True,False,False,professional,chat,"General descriptive statement explaining routine, policy, or recurring schedule."
hard_train_0007,I'm locking this into my calendar and will submit the draft before tomorrow 10 AM.,COMMITMENT,academic_student,hard,True,False,True,conversational,chat,"Conversational or idiomatic commitment expressing clear, affirmative undertaking by speaker."
hard_train_0008,I will personally verify the customer refund records before closing the ticket.,COMMITMENT,operations,medium,False,False,True,professional,ticket,Direct explicit first-person commitment with concrete deliverable and timeframe.
hard_train_0009,Do not push changes directly to the main branch without approval.,NON_COMMITMENT,engineering,hard,False,True,False,conversational,ticket,Directive or imperative requesting action from others; not a speaker commitment.
hard_train_0010,There is a chance I'll stop by the bank before 4 PM today.,NON_COMMITMENT,personal_errands,hard,True,False,True,conversational,chat,Speculative or tentative statement lacking definitive commitment to act.
hard_train_0011,Can we review the sprint burndown chart together after lunch?,NON_COMMITMENT,project,hard,False,False,False,conversational,meeting_transcript,"Interrogative utterance asking a question, not an affirmative undertaking by the speaker."
hard_train_0012,Could you check if the API documentation was delivered on time?,NON_COMMITMENT,project,hard,False,False,True,conversational,ticket,"Interrogative utterance asking a question, not an affirmative undertaking by the speaker."
hard_train_0013,I am refusing to approve the budget increase without clear justification.,NON_COMMITMENT,executive,hard,False,True,True,conversational,email,"Direct negation, refusal, or statement disclaiming commitment or responsibility."
hard_train_0014,Thanks for the reminder about the tax form. I will fill it out and drop it off at the accounting office today.,COMMITMENT,personal_errands,hard,True,False,True,conversational,chat,"Multi-sentence conversational message concluding with a clear, direct commitment to act."
hard_train_0015,Customer success sends a satisfaction survey 3 days after ticket resolution.,NON_COMMITMENT,operations,hard,False,False,False,professional,email,"General descriptive statement explaining routine, policy, or recurring schedule."
hard_train_0016,I received the revised requirements from the client. I'll update the project scope spreadsheet before tomorrow noon.,COMMITMENT,project,hard,True,False,True,conversational,email,"Multi-sentence conversational message concluding with a clear, direct commitment to act."
hard_train_0017,I will complete the Docker containerization for the microservices before end of sprint.,COMMITMENT,engineering,medium,False,False,True,professional,ticket,Direct explicit first-person commitment with concrete deliverable and timeframe.
hard_train_0018,Will anyone be available to monitor the release overnight?,NON_COMMITMENT,engineering,hard,True,False,False,conversational,slack,"Interrogative utterance asking a question, not an affirmative undertaking by the speaker."
hard_train_0019,"Unless management allocates emergency budget, nobody is working on this migration.",NON_COMMITMENT,engineering,hard,False,True,False,conversational,slack,Counterfactual or unfulfilled hypothetical statement without active commitment.
hard_train_0020,I'll prepare the final budget breakdown for finance first thing tomorrow morning.,COMMITMENT,operations,medium,True,False,True,professional,slack,Direct explicit first-person commitment with concrete deliverable and timeframe.
hard_train_0021,I am going to push the performance benchmark numbers to the repository before 6 PM.,COMMITMENT,engineering,medium,True,False,True,professional,slack,Direct explicit first-person commitment with concrete deliverable and timeframe.
hard_train_0022,We are going to finalize the onboarding walkthrough slides before the customer workshop.,COMMITMENT,project,medium,False,False,True,professional,chat,Team-level firm undertaking binding group or department to concrete deliverable.
hard_train_0023,I commit to drafting the literature review section for our conference paper by Friday.,COMMITMENT,academic_student,medium,True,False,True,academic,email,Student or academic milestone commitment with concrete deliverable.
hard_train_0024,I will personally email the revised vendor agreement before 4 PM today.,COMMITMENT,sales_client,medium,True,False,True,professional,email,Direct explicit first-person commitment with concrete deliverable and timeframe.
hard_train_0025,I am definitely not going to deploy this service without peer review.,NON_COMMITMENT,engineering,hard,False,True,True,conversational,slack,"Direct negation, refusal, or statement disclaiming commitment or responsibility."
hard_train_0026,I will send you the finalized flight itinerary before I leave the office today.,COMMITMENT,personal_errands,medium,True,False,True,professional,chat,Direct explicit first-person commitment with concrete deliverable and timeframe.
hard_train_0027,"I may be able to draft a rough outline by Friday, but don't count on it.",NON_COMMITMENT,project,hard,True,False,True,conversational,slack,Speculative or tentative statement lacking definitive commitment to act.
hard_train_0028,"If the customer accepts the proposed SLA, I will draft the formal addendum by tomorrow.",COMMITMENT,sales_client,medium,True,True,True,professional,email,"Conditional commitment triggered upon condition fulfillment, promising concrete action."
hard_train_0029,All pull requests require two peer approvals before merging into main.,NON_COMMITMENT,engineering,hard,False,False,False,professional,slack,"General descriptive statement explaining routine, policy, or recurring schedule."
hard_train_0030,Taking care of the staging database cleanup right away.,COMMITMENT,engineering,hard,False,False,True,conversational,ticket,"Conversational or idiomatic commitment expressing clear, affirmative undertaking by speaker."
hard_train_0031,"As soon as the DNS propagation finishes, I will test the SSL certificate setup.",COMMITMENT,engineering,medium,False,True,True,professional,ticket,"Conditional commitment triggered upon condition fulfillment, promising concrete action."
hard_train_0032,The client requested an extra review round. I will schedule a walkthrough with them before the end of the week.,COMMITMENT,sales_client,hard,True,False,True,conversational,email,"Multi-sentence conversational message concluding with a clear, direct commitment to act."
hard_train_0033,I saw your pull request notification. I'm finishing my current task now and will review your code before 5 PM.,COMMITMENT,engineering,hard,True,False,True,conversational,slack,"Multi-sentence conversational message concluding with a clear, direct commitment to act."
hard_train_0034,I've claimed this ticket and will push the fix before the end of the sprint.,COMMITMENT,engineering,hard,False,False,True,conversational,ticket,"Conversational or idiomatic commitment expressing clear, affirmative undertaking by speaker."
hard_train_0035,Putting my name down to handle the security remediation tasks by Thursday.,COMMITMENT,engineering,hard,True,False,True,conversational,ticket,"Conversational or idiomatic commitment expressing clear, affirmative undertaking by speaker."
hard_train_0036,Client agreements are usually reviewed by legal before signing.,NON_COMMITMENT,executive,hard,False,False,False,professional,email,"General descriptive statement explaining routine, policy, or recurring schedule."
hard_train_0037,"Once the payment gateway confirms the refund, I will notify the customer via email.",COMMITMENT,operations,medium,False,True,True,professional,ticket,"Conditional commitment triggered upon condition fulfillment, promising concrete action."
hard_train_0038,Is it feasible to deliver the pricing calculator within the next two weeks?,NON_COMMITMENT,sales_client,hard,True,False,False,conversational,email,"Interrogative utterance asking a question, not an affirmative undertaking by the speaker."
hard_train_0039,"If I were in charge of DevOps, I would deploy the hotfix immediately.",NON_COMMITMENT,engineering,hard,False,True,True,conversational,slack,Counterfactual or unfulfilled hypothetical statement without active commitment.
hard_train_0040,"Assuming we get the Figma assets by noon, I'll implement the hero section tonight.",COMMITMENT,engineering,medium,True,True,True,professional,chat,"Conditional commitment triggered upon condition fulfillment, promising concrete action."
hard_train_0041,We promise to deploy the new search indexing pipeline before the weekend.,COMMITMENT,engineering,medium,True,False,True,professional,slack,Team-level firm undertaking binding group or department to concrete deliverable.
hard_train_0042,"If the security scan reports zero critical flaws, I'll approve the pull request immediately.",COMMITMENT,engineering,medium,False,True,True,professional,ticket,"Conditional commitment triggered upon condition fulfillment, promising concrete action."
hard_train_0043,Send me a copy of the quotation spreadsheet before you send it to the client.,NON_COMMITMENT,sales_client,hard,False,True,False,conversational,chat,Directive or imperative requesting action from others; not a speaker commitment.
hard_train_0044,Count on me to wrap up the API integration before the demo tomorrow.,COMMITMENT,engineering,hard,True,False,True,conversational,slack,"Conversational or idiomatic commitment expressing clear, affirmative undertaking by speaker."
hard_train_0045,I am going to deliver the customer feedback summary to the design squad by Wednesday.,COMMITMENT,project,medium,True,False,True,professional,slack,Direct explicit first-person commitment with concrete deliverable and timeframe.
hard_train_0046,I won't be present at the lab to run the overnight experiment.,NON_COMMITMENT,academic_student,hard,True,False,True,conversational,chat,"Direct negation, refusal, or statement disclaiming commitment or responsibility."
hard_train_0047,The customer reported that the system threw an error during checkout.,NON_COMMITMENT,engineering,hard,False,False,True,conversational,ticket,Third-party hearsay or report describing past/external actions rather than an active commitment.
hard_train_0048,I am definitely taking care of the customer escalation tickets before I sign off.,COMMITMENT,operations,hard,False,False,True,conversational,slack,"Conversational or idiomatic commitment expressing clear, affirmative undertaking by speaker."
hard_train_0049,I'll make sure this gets pushed before the deadline without fail.,COMMITMENT,engineering,hard,False,False,True,conversational,chat,"Conversational or idiomatic commitment expressing clear, affirmative undertaking by speaker."
hard_train_0050,I understand the team needs these assets. I'll export all high-res graphics and upload them to Drive before 4 PM.,COMMITMENT,project,hard,True,False,True,conversational,slack,"Multi-sentence conversational message concluding with a clear, direct commitment to act."
hard_train_0051,Are we still expecting Alex to upload the financial forecast today?,NON_COMMITMENT,operations,hard,True,False,True,conversational,meeting_transcript,"Interrogative utterance asking a question, not an affirmative undertaking by the speaker."
hard_train_0052,Our team is going to conduct full user acceptance testing before the client handover.,COMMITMENT,project,medium,False,True,True,professional,email,Team-level firm undertaking binding group or department to concrete deliverable.
hard_train_0053,Our support squad will maintain 15-minute response times for critical escalations.,COMMITMENT,operations,medium,False,False,True,professional,slack,Team-level firm undertaking binding group or department to concrete deliverable.
hard_train_0054,"If the contract terms had been acceptable, we would have signed yesterday.",NON_COMMITMENT,sales_client,hard,False,True,False,conversational,email,Counterfactual or unfulfilled hypothetical statement without active commitment.
hard_train_0055,Make sure you submit the group assignment before 11 PM tonight.,NON_COMMITMENT,academic_student,hard,True,False,False,conversational,chat,Directive or imperative requesting action from others; not a speaker commitment.
hard_train_0056,Arjun said he assumed someone else had updated the project timeline.,NON_COMMITMENT,project,hard,False,False,True,conversational,slack,Third-party hearsay or report describing past/external actions rather than an active commitment.
hard_train_0057,See to it that the release candidate is packaged before the freeze date.,NON_COMMITMENT,engineering,hard,False,False,False,conversational,slack,Directive or imperative requesting action from others; not a speaker commitment.
hard_train_0058,Please remind the customer about their overdue payment before Friday.,NON_COMMITMENT,sales_client,hard,True,False,False,conversational,email,Directive or imperative requesting action from others; not a speaker commitment.
hard_train_0059,I will ensure the service level agreement credits are applied to your upcoming monthly invoice.,COMMITMENT,operations,medium,False,False,True,professional,email,"Formal executive, sales, or SLA commitment binding the speaker or organization."
hard_train_0060,I will send the finalized statement of work signed by our managing director before 5 PM.,COMMITMENT,executive,medium,True,False,True,professional,email,"Formal executive, sales, or SLA commitment binding the speaker or organization."
hard_train_0061,Don't forget to attach the signed customer agreement before archiving the ticket.,NON_COMMITMENT,sales_client,hard,False,False,False,conversational,ticket,Directive or imperative requesting action from others; not a speaker commitment.
hard_train_0062,We will publish the updated developer documentation before releasing the SDK.,COMMITMENT,engineering,medium,False,True,True,professional,ticket,Team-level firm undertaking binding group or department to concrete deliverable.
hard_train_0063,I'm committing to delivering the pitch deck revisions before the investor pitch.,COMMITMENT,executive,hard,False,True,True,conversational,slack,"Conversational or idiomatic commitment expressing clear, affirmative undertaking by speaker."
hard_train_0064,I am going to meet with the teaching assistant tomorrow at 2 PM to debug our code.,COMMITMENT,academic_student,medium,True,False,True,academic,chat,Student or academic milestone commitment with concrete deliverable.
hard_train_0065,I know the staging environment has been unstable. I will rebuild the container images and verify stability tonight.,COMMITMENT,engineering,hard,True,False,True,conversational,ticket,"Multi-sentence conversational message concluding with a clear, direct commitment to act."
hard_train_0066,"If it weren't raining so heavily, I might have gone to the grocery store today.",NON_COMMITMENT,personal_errands,hard,True,True,True,conversational,chat,Counterfactual or unfulfilled hypothetical statement without active commitment.
hard_train_0067,"Once Priya uploads her chapter notes, I will compile the complete research document tonight.",COMMITMENT,academic_student,medium,True,True,True,professional,chat,"Conditional commitment triggered upon condition fulfillment, promising concrete action."
hard_train_0068,Did you see the feedback Neha posted on the wireframes?,NON_COMMITMENT,project,hard,False,False,True,conversational,slack,"Interrogative utterance asking a question, not an affirmative undertaking by the speaker."
hard_train_0069,I'm on it — will have the bug triage report ready for the team within two hours.,COMMITMENT,engineering,hard,True,False,True,conversational,slack,"Conversational or idiomatic commitment expressing clear, affirmative undertaking by speaker."
hard_train_0070,I'll try my best to see if I can finish the slide design by noon.,NON_COMMITMENT,executive,hard,True,False,True,conversational,chat,Speculative or tentative statement lacking definitive commitment to act.
hard_train_0071,Are you planning on fixing the broken CSS layout before Friday?,NON_COMMITMENT,engineering,hard,True,False,True,conversational,chat,"Interrogative utterance asking a question, not an affirmative undertaking by the speaker."
hard_train_0072,"In our team, the on-call engineer monitors the error dashboard around the clock.",NON_COMMITMENT,engineering,hard,False,False,False,professional,slack,"General descriptive statement explaining routine, policy, or recurring schedule."
hard_train_0073,"Don't stress, I'm handling the contract redlines and will send them today.",COMMITMENT,sales_client,hard,True,False,True,conversational,email,"Conversational or idiomatic commitment expressing clear, affirmative undertaking by speaker."
hard_train_0074,Chen mentioned that his team might push the release candidate on Thursday.,NON_COMMITMENT,engineering,hard,True,False,True,conversational,chat,Third-party hearsay or report describing past/external actions rather than an active commitment.
hard_train_0075,I'll take the lead on this and deliver the architecture draft before Friday.,COMMITMENT,engineering,hard,True,False,True,conversational,meeting_transcript,"Conversational or idiomatic commitment expressing clear, affirmative undertaking by speaker."
hard_train_0076,"Once you send over the raw CSV data, I'll generate the visualization charts within two hours.",COMMITMENT,project,medium,True,True,True,professional,chat,"Conditional commitment triggered upon condition fulfillment, promising concrete action."
hard_train_0077,Did Elena confirm whether she will submit the lab report before midnight?,NON_COMMITMENT,academic_student,hard,True,False,True,conversational,chat,"Interrogative utterance asking a question, not an affirmative undertaking by the speaker."
hard_train_0078,I might try to look over the financial forecast tomorrow if my schedule clears up.,NON_COMMITMENT,operations,hard,True,True,True,conversational,chat,Speculative or tentative statement lacking definitive commitment to act.
hard_train_0079,Please update the Jira status once you finish the code review.,NON_COMMITMENT,project,hard,False,True,False,conversational,chat,Directive or imperative requesting action from others; not a speaker commitment.
hard_train_0080,Did you already finish updating the database migration scripts?,NON_COMMITMENT,engineering,hard,False,False,True,conversational,chat,"Interrogative utterance asking a question, not an affirmative undertaking by the speaker."
hard_train_0081,Thank you for reviewing the wireframes. I'll refine the checkout interaction and update the Figma file by tomorrow.,COMMITMENT,project,hard,True,False,True,conversational,ticket,"Multi-sentence conversational message concluding with a clear, direct commitment to act."
hard_train_0082,Should I wait for your approval before emailing the client?,NON_COMMITMENT,sales_client,hard,False,True,True,conversational,email,"Interrogative utterance asking a question, not an affirmative undertaking by the speaker."
hard_train_0083,I refuse to sign off on the production deployment until load testing passes.,NON_COMMITMENT,engineering,hard,False,True,True,conversational,ticket,"Direct negation, refusal, or statement disclaiming commitment or responsibility."
hard_train_0084,We need to submit the grant application soon. I will draft the executive narrative and send it to you by Tuesday.,COMMITMENT,academic_student,hard,True,False,True,conversational,email,"Multi-sentence conversational message concluding with a clear, direct commitment to act."
hard_train_0085,"Had the client replied earlier, I would have sent the proposal this morning.",NON_COMMITMENT,sales_client,hard,True,True,True,conversational,email,Counterfactual or unfulfilled hypothetical statement without active commitment.
hard_train_0086,I will draft and publish the post-incident review document by Friday noon.,COMMITMENT,engineering,medium,True,False,True,professional,ticket,Direct explicit first-person commitment with concrete deliverable and timeframe.
hard_train_0087,I will provide your procurement team with a revised formal quotation by 2 PM.,COMMITMENT,sales_client,medium,True,False,True,professional,email,"Formal executive, sales, or SLA commitment binding the speaker or organization."
hard_train_0088,I am going to push the hotfix for the broken navigation bar before lunch today.,COMMITMENT,engineering,medium,True,False,True,professional,slack,Direct explicit first-person commitment with concrete deliverable and timeframe.
hard_train_0089,I heard from Sneha that the offshore team is delivering the patch tomorrow.,NON_COMMITMENT,engineering,hard,True,False,True,conversational,chat,Third-party hearsay or report describing past/external actions rather than an active commitment.
hard_train_0090,Alex informed us that the marketing agency will provide the assets next week.,NON_COMMITMENT,operations,hard,True,False,True,conversational,email,Third-party hearsay or report describing past/external actions rather than an active commitment.
hard_train_0091,I am going to deliver the sprint retrospective summary before tomorrow's all-hands.,COMMITMENT,project,medium,True,False,True,professional,chat,Direct explicit first-person commitment with concrete deliverable and timeframe.
hard_train_0092,There's a slight chance I can attend the demo and provide feedback tonight.,NON_COMMITMENT,engineering,hard,True,False,True,conversational,chat,Speculative or tentative statement lacking definitive commitment to act.
hard_train_0093,I might get a chance to inspect the crash logs before heading out.,NON_COMMITMENT,engineering,hard,False,False,True,conversational,chat,Speculative or tentative statement lacking definitive commitment to act.
hard_train_0094,I am not available to work on the capstone presentation this evening.,NON_COMMITMENT,academic_student,hard,True,False,True,conversational,chat,"Direct negation, refusal, or statement disclaiming commitment or responsibility."
hard_train_0095,I cannot sign the vendor contract without legal review.,NON_COMMITMENT,executive,hard,False,True,True,conversational,email,"Direct negation, refusal, or statement disclaiming commitment or responsibility."
hard_train_0096,"Unless someone steps up to lead the squad, this feature will sit in backlog.",NON_COMMITMENT,project,hard,False,True,False,conversational,slack,Counterfactual or unfulfilled hypothetical statement without active commitment.
hard_train_0097,I am going to conduct the candidate technical interview at 3 PM as scheduled.,COMMITMENT,operations,medium,True,False,True,professional,slack,Direct explicit first-person commitment with concrete deliverable and timeframe.
hard_train_0098,Why was the database backup script disabled during the maintenance window?,NON_COMMITMENT,engineering,hard,False,False,False,conversational,ticket,"Interrogative utterance asking a question, not an affirmative undertaking by the speaker."
hard_train_0099,I will complete the math problem set and submit the PDF before tomorrow's class.,COMMITMENT,academic_student,medium,True,False,True,academic,chat,Student or academic milestone commitment with concrete deliverable.
hard_train_0100,I will deliver the quarterly executive summary to the board of directors by Thursday 9 AM.,COMMITMENT,executive,medium,True,False,True,professional,email,"Formal executive, sales, or SLA commitment binding the speaker or organization."
hard_train_0101,I will ensure your data migration is completed with zero downtime by our engineering team.,COMMITMENT,sales_client,medium,False,False,True,professional,email,"Formal executive, sales, or SLA commitment binding the speaker or organization."
hard_train_0102,Our infrastructure team commits to maintaining 99.9% uptime during the migration window.,COMMITMENT,engineering,medium,False,False,True,professional,ticket,Team-level firm undertaking binding group or department to concrete deliverable.
hard_train_0103,I'm not sending any emails to the client until management confirms our position.,NON_COMMITMENT,sales_client,hard,False,True,True,conversational,slack,"Direct negation, refusal, or statement disclaiming commitment or responsibility."
hard_train_0104,Have we decided who is presenting the project timeline to stakeholders?,NON_COMMITMENT,project,hard,False,False,False,conversational,meeting_transcript,"Interrogative utterance asking a question, not an affirmative undertaking by the speaker."
hard_train_0105,"Consider it done, I'll send the client deck before 5 PM.",COMMITMENT,executive,hard,True,False,True,conversational,chat,"Conversational or idiomatic commitment expressing clear, affirmative undertaking by speaker."
hard_train_0106,The contract redlines are mostly acceptable. I'll make the final legal tweaks and email the counter-proposal today.,COMMITMENT,sales_client,hard,True,False,True,conversational,email,"Multi-sentence conversational message concluding with a clear, direct commitment to act."
hard_train_0107,"Were I available this evening, I would happily help you review the paper draft.",NON_COMMITMENT,academic_student,hard,True,True,True,conversational,chat,Counterfactual or unfulfilled hypothetical statement without active commitment.
hard_train_0108,No way am I taking ownership of the customer refund backlog.,NON_COMMITMENT,operations,hard,False,False,True,conversational,chat,"Direct negation, refusal, or statement disclaiming commitment or responsibility."
hard_train_0109,Sneha said she believes the invoice was paid last week.,NON_COMMITMENT,operations,hard,False,False,True,conversational,email,Third-party hearsay or report describing past/external actions rather than an active commitment.
hard_train_0110,I'll submit our capstone research methodology section to the professor tonight.,COMMITMENT,academic_student,medium,True,False,True,professional,email,Direct explicit first-person commitment with concrete deliverable and timeframe.
hard_train_0111,Can you find out if the client signed the NDA?,NON_COMMITMENT,sales_client,hard,False,False,True,conversational,email,"Interrogative utterance asking a question, not an affirmative undertaking by the speaker."
hard_train_0112,When do you think the client presentation will be ready?,NON_COMMITMENT,sales_client,hard,False,False,True,conversational,chat,"Interrogative utterance asking a question, not an affirmative undertaking by the speaker."
hard_train_0113,Do you know who will handle the customer escalations tonight?,NON_COMMITMENT,operations,hard,True,False,False,conversational,slack,"Interrogative utterance asking a question, not an affirmative undertaking by the speaker."
hard_train_0114,Our department will ensure all employees complete compliance training before month-end.,COMMITMENT,operations,medium,True,False,True,professional,email,Team-level firm undertaking binding group or department to concrete deliverable.
hard_train_0115,I'll summarize the three research papers and email my notes to the study group tonight.,COMMITMENT,academic_student,medium,True,False,True,academic,email,Student or academic milestone commitment with concrete deliverable.
hard_train_0116,"Trust me on this, I'll have the hotfix merged before the staging run at 4 PM.",COMMITMENT,engineering,hard,True,False,True,conversational,chat,"Conversational or idiomatic commitment expressing clear, affirmative undertaking by speaker."
hard_train_0117,Are we required to submit the capstone proposal by 5 PM today?,NON_COMMITMENT,academic_student,hard,True,False,False,conversational,slack,"Interrogative utterance asking a question, not an affirmative undertaking by the speaker."
hard_train_0118,"Assuming finance clears the invoice, I will send the software license keys to the client today.",COMMITMENT,operations,medium,True,True,True,professional,email,"Conditional commitment triggered upon condition fulfillment, promising concrete action."
hard_train_0119,I think I could possibly draft the release announcement tomorrow.,NON_COMMITMENT,project,hard,True,False,True,conversational,chat,Speculative or tentative statement lacking definitive commitment to act.
hard_train_0120,I will deploy the database index optimizations tonight during the maintenance window.,COMMITMENT,engineering,medium,True,False,True,professional,slack,Direct explicit first-person commitment with concrete deliverable and timeframe.
hard_train_0121,"Once the contract is fully executed, I will circulate copies to all executive stakeholders.",COMMITMENT,executive,medium,False,True,True,professional,email,"Conditional commitment triggered upon condition fulfillment, promising concrete action."
hard_train_0122,I know you're blocked on the schema design. I will finish drafting the tables and ping you within the hour.,COMMITMENT,engineering,hard,True,False,True,conversational,chat,"Multi-sentence conversational message concluding with a clear, direct commitment to act."
hard_train_0123,"If QA gives the green light by 3 PM, I will push the release candidate to production tonight.",COMMITMENT,engineering,medium,True,True,True,professional,slack,"Conditional commitment triggered upon condition fulfillment, promising concrete action."
hard_train_0124,I won't be able to pick up the dry cleaning before the shop closes.,NON_COMMITMENT,personal_errands,hard,False,False,True,conversational,chat,"Direct negation, refusal, or statement disclaiming commitment or responsibility."
hard_train_0125,"Maybe Sneha will send the spreadsheet, but she wasn't certain.",NON_COMMITMENT,operations,hard,False,False,True,conversational,slack,Speculative or tentative statement lacking definitive commitment to act.
hard_train_0126,I'll deliver the revised pricing proposal to the enterprise prospect before EOD.,COMMITMENT,sales_client,medium,True,False,True,professional,slack,Direct explicit first-person commitment with concrete deliverable and timeframe.
hard_train_0127,I know the sprint ends tomorrow. I am committed to completing the rest of my tickets before the sprint review.,COMMITMENT,project,hard,True,False,True,conversational,slack,"Multi-sentence conversational message concluding with a clear, direct commitment to act."
hard_train_0128,"Provided we get stakeholder sign-off today, I will start development on the feature tomorrow morning.",COMMITMENT,project,medium,True,True,True,professional,meeting_transcript,"Conditional commitment triggered upon condition fulfillment, promising concrete action."
hard_train_0129,I never promised to finish the frontend integration by Wednesday.,NON_COMMITMENT,engineering,hard,True,False,True,conversational,meeting_transcript,"Direct negation, refusal, or statement disclaiming commitment or responsibility."
hard_train_0130,We will audit all cloud storage buckets and restrict public access before Thursday.,COMMITMENT,engineering,medium,True,False,True,professional,slack,Team-level firm undertaking binding group or department to concrete deliverable.
hard_train_0131,Make sure the client proposal includes our standard terms and conditions.,NON_COMMITMENT,sales_client,hard,False,False,False,conversational,email,Directive or imperative requesting action from others; not a speaker commitment.
hard_train_0132,"Provided finance releases the voucher, I'll process the vendor payment before end of day.",COMMITMENT,operations,medium,True,True,True,professional,email,"Conditional commitment triggered upon condition fulfillment, promising concrete action."
hard_train_0133,Did you manage to review the revised slide deck for tomorrow's demo?,NON_COMMITMENT,executive,hard,True,False,True,conversational,chat,"Interrogative utterance asking a question, not an affirmative undertaking by the speaker."
hard_train_0134,Can you please follow up with the logistics vendor regarding the tracking number?,NON_COMMITMENT,operations,hard,False,False,False,conversational,email,Directive or imperative requesting action from others; not a speaker commitment.
hard_train_0135,I'll deliver the comprehensive cybersecurity compliance report to your auditors before Monday.,COMMITMENT,engineering,medium,True,False,True,professional,email,"Formal executive, sales, or SLA commitment binding the speaker or organization."
hard_train_0136,I haven't committed to reviewing Arjun's pull request today.,NON_COMMITMENT,engineering,hard,True,False,True,conversational,slack,"Direct negation, refusal, or statement disclaiming commitment or responsibility."
hard_train_0137,I am going to send the signed nondisclosure agreement to their legal team by 3 PM.,COMMITMENT,sales_client,medium,True,False,True,professional,email,Direct explicit first-person commitment with concrete deliverable and timeframe.
hard_train_0138,We have decided not to roll out the updated UI this week.,NON_COMMITMENT,project,hard,True,False,False,conversational,slack,"Direct negation, refusal, or statement disclaiming commitment or responsibility."
hard_train_0139,Neha told the team that Vikram had already submitted the report.,NON_COMMITMENT,operations,hard,False,False,True,conversational,slack,Third-party hearsay or report describing past/external actions rather than an active commitment.
hard_train_0140,I'll deliver the sprint burndown analysis to the engineering director by Friday EOD.,COMMITMENT,project,medium,True,False,True,professional,slack,Direct explicit first-person commitment with concrete deliverable and timeframe.
hard_train_0141,Has anyone started drafting the customer refund policy yet?,NON_COMMITMENT,operations,hard,False,False,False,conversational,slack,"Interrogative utterance asking a question, not an affirmative undertaking by the speaker."
hard_train_0142,The contractor stated they had completed the initial phase of the audit.,NON_COMMITMENT,executive,hard,False,False,True,conversational,email,Third-party hearsay or report describing past/external actions rather than an active commitment.
hard_train_0143,"If we had more headcount, we could have finalized the mobile wireframes this week.",NON_COMMITMENT,project,hard,True,True,False,conversational,meeting_transcript,Counterfactual or unfulfilled hypothetical statement without active commitment.
hard_train_0144,I'll run the machine learning model training overnight and share the accuracy graphs tomorrow.,COMMITMENT,academic_student,medium,True,False,True,academic,slack,Student or academic milestone commitment with concrete deliverable.
hard_train_0145,Are you free to help write the unit test suite over the weekend?,NON_COMMITMENT,academic_student,hard,True,False,True,conversational,chat,"Interrogative utterance asking a question, not an affirmative undertaking by the speaker."
hard_train_0146,"You have my word, I will send the revised quote before 4 PM today.",COMMITMENT,sales_client,hard,True,False,True,conversational,email,"Conversational or idiomatic commitment expressing clear, affirmative undertaking by speaker."
hard_train_0147,I'm locking myself in to finish the test automation suite by Monday morning.,COMMITMENT,engineering,hard,True,False,True,conversational,chat,"Conversational or idiomatic commitment expressing clear, affirmative undertaking by speaker."
hard_train_0148,Do you think Priya can finish the wireframes before Monday morning?,NON_COMMITMENT,project,hard,True,False,True,conversational,slack,"Interrogative utterance asking a question, not an affirmative undertaking by the speaker."
hard_train_0149,The numbers look mostly solid. I'll make the requested adjustments to the pitch deck and email the new version today.,COMMITMENT,executive,hard,True,False,True,conversational,email,"Multi-sentence conversational message concluding with a clear, direct commitment to act."
hard_train_0150,We will definitely not finish the entire migration within this sprint.,NON_COMMITMENT,engineering,hard,False,False,False,conversational,meeting_transcript,"Direct negation, refusal, or statement disclaiming commitment or responsibility."
hard_train_0151,I talked with the designer about the color tokens. I'll update the frontend theme and open a PR by Thursday.,COMMITMENT,engineering,hard,True,False,True,conversational,slack,"Multi-sentence conversational message concluding with a clear, direct commitment to act."
hard_train_0152,Thanks for clarifying the user story requirements. I will start the implementation and have a draft PR ready tomorrow.,COMMITMENT,engineering,hard,True,False,True,conversational,slack,"Multi-sentence conversational message concluding with a clear, direct commitment to act."
hard_train_0153,Be sure to back up the Postgres database before applying the schema changes.,NON_COMMITMENT,engineering,hard,False,True,False,conversational,ticket,Directive or imperative requesting action from others; not a speaker commitment.
hard_train_0154,I will record my 5-minute portion of our team video presentation by Friday noon.,COMMITMENT,academic_student,medium,True,False,True,academic,chat,Student or academic milestone commitment with concrete deliverable.
hard_train_0155,Can we get an extension on the project deliverable deadline?,NON_COMMITMENT,academic_student,hard,False,False,False,conversational,email,"Interrogative utterance asking a question, not an affirmative undertaking by the speaker."
hard_train_0156,I think the team might deploy the patch sometime before Friday.,NON_COMMITMENT,engineering,hard,True,False,False,conversational,meeting_transcript,Speculative or tentative statement lacking definitive commitment to act.
hard_train_0157,I'll submit the distributed systems lab report to the portal before 11:59 PM tonight.,COMMITMENT,academic_student,medium,True,False,True,academic,chat,Student or academic milestone commitment with concrete deliverable.
hard_train_0158,I will configure the Redis caching layer on staging before the QA team starts testing.,COMMITMENT,engineering,medium,False,True,True,professional,slack,Direct explicit first-person commitment with concrete deliverable and timeframe.
hard_train_0159,Please deliver the revised budget spreadsheet to finance by Wednesday noon.,NON_COMMITMENT,operations,hard,True,False,False,conversational,email,Directive or imperative requesting action from others; not a speaker commitment.
hard_train_0160,I am not promising any delivery date until the vendor ships the parts.,NON_COMMITMENT,operations,hard,False,True,True,conversational,email,"Direct negation, refusal, or statement disclaiming commitment or responsibility."
hard_train_0161,We are not committing to any deadlines until the requirements are locked down.,NON_COMMITMENT,project,hard,False,True,False,conversational,meeting_transcript,"Direct negation, refusal, or statement disclaiming commitment or responsibility."
hard_train_0162,I'll jump on this immediately and have the wireframes ready by tomorrow morning.,COMMITMENT,project,hard,True,False,True,conversational,chat,"Conversational or idiomatic commitment expressing clear, affirmative undertaking by speaker."
hard_train_0163,We discussed this in the sync earlier. I will draft the RFC and share the link with the team by Thursday EOD.,COMMITMENT,engineering,hard,True,False,True,conversational,slack,"Multi-sentence conversational message concluding with a clear, direct commitment to act."
hard_train_0164,Kindly provide feedback on the draft proposal by tomorrow afternoon.,NON_COMMITMENT,sales_client,hard,True,False,False,conversational,email,Directive or imperative requesting action from others; not a speaker commitment.
hard_train_0165,We will not be submitting the vendor RFP response this quarter.,NON_COMMITMENT,sales_client,hard,False,False,False,conversational,email,"Direct negation, refusal, or statement disclaiming commitment or responsibility."
hard_train_0166,I commit to resolving all critical Sentry errors before tomorrow's launch.,COMMITMENT,engineering,medium,True,False,True,professional,slack,Direct explicit first-person commitment with concrete deliverable and timeframe.
hard_train_0167,I may be available to glance over the test plan during lunch.,NON_COMMITMENT,engineering,hard,False,False,True,conversational,slack,Speculative or tentative statement lacking definitive commitment to act.
hard_train_0168,I will upload the high-fidelity mockups to Figma before end of day Wednesday.,COMMITMENT,project,medium,True,False,True,professional,ticket,Direct explicit first-person commitment with concrete deliverable and timeframe.
hard_train_0169,Sprint retrospectives are held bi-weekly on alternating Thursdays.,NON_COMMITMENT,project,hard,False,False,False,professional,slack,"General descriptive statement explaining routine, policy, or recurring schedule."
hard_train_0170,Ensure that the release notes are circulated to all stakeholders by tomorrow.,NON_COMMITMENT,project,hard,True,False,False,conversational,slack,Directive or imperative requesting action from others; not a speaker commitment.
hard_train_0171,Our product owner said the feature rollout was scheduled for next sprint.,NON_COMMITMENT,project,hard,False,False,True,conversational,slack,Third-party hearsay or report describing past/external actions rather than an active commitment.
hard_train_0172,I understand your concern about code quality. I will write comprehensive unit tests for this module before merging.,COMMITMENT,engineering,hard,False,True,True,conversational,ticket,"Multi-sentence conversational message concluding with a clear, direct commitment to act."
hard_train_0173,"Leave it to me, I'll compile the customer survey results before Friday.",COMMITMENT,project,hard,True,False,True,conversational,slack,"Conversational or idiomatic commitment expressing clear, affirmative undertaking by speaker."
hard_train_0174,"If Neha approves the budget estimate, I'll issue the purchase order before tomorrow noon.",COMMITMENT,operations,medium,True,True,True,professional,slack,"Conditional commitment triggered upon condition fulfillment, promising concrete action."
hard_train_0175,"If the backend API is ready by Thursday, I will wire up the dashboard UI before the sprint demo.",COMMITMENT,engineering,medium,True,True,True,professional,slack,"Conditional commitment triggered upon condition fulfillment, promising concrete action."
hard_train_0176,I am going to audit our cloud spending and present cost reduction recommendations on Monday.,COMMITMENT,executive,medium,True,False,True,professional,meeting_transcript,Direct explicit first-person commitment with concrete deliverable and timeframe.
hard_train_0177,I will ensure the automated backup script is restored before the night shift.,COMMITMENT,engineering,hard,False,True,True,conversational,slack,"Conversational or idiomatic commitment expressing clear, affirmative undertaking by speaker."
hard_train_0178,I am going to review the Master Services Agreement redlines before noon tomorrow.,COMMITMENT,sales_client,medium,True,False,True,professional,email,Direct explicit first-person commitment with concrete deliverable and timeframe.
hard_train_0179,The professor announced that the TA will grade the lab submissions by Friday.,NON_COMMITMENT,academic_student,hard,True,False,True,conversational,slack,Third-party hearsay or report describing past/external actions rather than an active commitment.
hard_train_0180,I think I can probably send the receipt once I find where it saved.,NON_COMMITMENT,personal_errands,hard,False,True,True,conversational,chat,Speculative or tentative statement lacking definitive commitment to act.
hard_train_0181,I won't fix this bug until you provide a reproducible test case.,NON_COMMITMENT,engineering,hard,False,True,True,conversational,ticket,"Direct negation, refusal, or statement disclaiming commitment or responsibility."
hard_train_0182,Please coordinate with the security auditor to grant them sandbox access.,NON_COMMITMENT,engineering,hard,False,False,False,conversational,email,Directive or imperative requesting action from others; not a speaker commitment.
hard_train_0183,We could perhaps schedule a follow-up call next Tuesday.,NON_COMMITMENT,sales_client,hard,True,False,False,conversational,email,Speculative or tentative statement lacking definitive commitment to act.
hard_train_0184,I'm aware of the impending audit deadline. I will ensure all compliance documentation is uploaded before Friday.,COMMITMENT,operations,hard,True,False,True,conversational,slack,"Multi-sentence conversational message concluding with a clear, direct commitment to act."
hard_train_0185,Perhaps I can join the customer troubleshooting session for 10 minutes.,NON_COMMITMENT,sales_client,hard,False,False,True,conversational,slack,Speculative or tentative statement lacking definitive commitment to act.
hard_train_0186,Forward the invoice breakdown to accounting when you receive it.,NON_COMMITMENT,operations,hard,False,True,False,conversational,chat,Directive or imperative requesting action from others; not a speaker commitment.
hard_train_0187,Can you check with finance whether the vendor payment cleared?,NON_COMMITMENT,operations,hard,False,False,True,conversational,slack,"Interrogative utterance asking a question, not an affirmative undertaking by the speaker."
hard_train_0188,I might have an hour to dedicate to the thesis bibliography tonight.,NON_COMMITMENT,academic_student,hard,True,False,True,conversational,chat,Speculative or tentative statement lacking definitive commitment to act.
hard_train_0189,I'm going to finish writing Chapter 4 of our capstone thesis by Sunday evening.,COMMITMENT,academic_student,medium,True,False,True,academic,slack,Student or academic milestone commitment with concrete deliverable.
hard_train_0190,I'll consider helping with the migration if nothing else catches fire.,NON_COMMITMENT,engineering,hard,False,True,True,conversational,slack,Speculative or tentative statement lacking definitive commitment to act.
hard_train_0191,"If you can confirm the headcount requirements, I will publish the job descriptions before Friday.",COMMITMENT,operations,medium,True,True,True,professional,email,"Conditional commitment triggered upon condition fulfillment, promising concrete action."
hard_train_0192,Ensure the customer receives an automated confirmation email upon payment.,NON_COMMITMENT,operations,hard,False,False,False,conversational,ticket,Directive or imperative requesting action from others; not a speaker commitment.
hard_train_0193,I'll compile and distribute the weekly operations KPI dashboard by Monday morning.,COMMITMENT,operations,medium,True,False,True,professional,email,Direct explicit first-person commitment with concrete deliverable and timeframe.
hard_train_0194,John mentioned that the backend team had already deployed the fix.,NON_COMMITMENT,engineering,hard,False,False,True,conversational,slack,Third-party hearsay or report describing past/external actions rather than an active commitment.
hard_train_0195,I am not going to send the preliminary numbers to the board.,NON_COMMITMENT,executive,hard,False,False,True,conversational,chat,"Direct negation, refusal, or statement disclaiming commitment or responsibility."
hard_train_0196,"Rest easy, I'll take care of updating the DNS records tonight.",COMMITMENT,engineering,hard,True,False,True,conversational,ticket,"Conversational or idiomatic commitment expressing clear, affirmative undertaking by speaker."
hard_train_0197,"As soon as the client deposits the initial retainer, I will begin the architecture phase.",COMMITMENT,sales_client,medium,False,True,True,professional,email,"Conditional commitment triggered upon condition fulfillment, promising concrete action."
hard_train_0198,I understand the client is waiting. I will call their procurement lead before 4 PM today to clarify the terms.,COMMITMENT,sales_client,hard,True,False,True,conversational,email,"Multi-sentence conversational message concluding with a clear, direct commitment to act."
hard_train_0199,I'll write the integration tests for the Stripe webhook endpoints tonight.,COMMITMENT,engineering,medium,True,False,True,professional,ticket,Direct explicit first-person commitment with concrete deliverable and timeframe.
hard_train_0200,We promise to provide weekly status updates to all project stakeholders every Friday.,COMMITMENT,project,medium,True,False,True,professional,email,Team-level firm undertaking binding group or department to concrete deliverable.
hard_train_0201,We will present the quarterly financial review to executive leadership on Monday morning.,COMMITMENT,operations,medium,True,False,True,professional,meeting_transcript,Team-level firm undertaking binding group or department to concrete deliverable.
hard_train_0202,Our squad will deliver the revised sprint estimates by tomorrow at 10 AM.,COMMITMENT,project,medium,True,False,True,professional,slack,Team-level firm undertaking binding group or department to concrete deliverable.
hard_train_0203,Please upload the recorded user testing session to the shared drive.,NON_COMMITMENT,project,hard,False,False,False,conversational,ticket,Directive or imperative requesting action from others; not a speaker commitment.
hard_train_0204,"As soon as my flight lands, I will email the revised slide deck to the board.",COMMITMENT,executive,medium,False,True,True,professional,email,"Conditional commitment triggered upon condition fulfillment, promising concrete action."
hard_train_0205,Our engineering department deploys microservice updates every Tuesday morning.,NON_COMMITMENT,engineering,hard,False,False,False,professional,slack,"General descriptive statement explaining routine, policy, or recurring schedule."
hard_train_0206,I'll send you the apartment lease agreement scanned copy before 2 PM today.,COMMITMENT,personal_errands,medium,True,False,True,professional,chat,Direct explicit first-person commitment with concrete deliverable and timeframe.
hard_train_0207,I noticed the broken unit tests on main. I will investigate the root cause and push a fix before 2 PM.,COMMITMENT,engineering,hard,True,False,True,conversational,slack,"Multi-sentence conversational message concluding with a clear, direct commitment to act."
hard_train_0208,"I'm doubtful I can deliver the presentation by tomorrow, but I might try.",NON_COMMITMENT,executive,hard,True,False,True,conversational,email,Speculative or tentative statement lacking definitive commitment to act.
hard_train_0209,Make sure to push your branch and open a PR before taking off today.,NON_COMMITMENT,engineering,hard,True,False,False,conversational,slack,Directive or imperative requesting action from others; not a speaker commitment.
hard_train_0210,Do you want me to forward the code review comments to David?,NON_COMMITMENT,engineering,hard,False,False,True,conversational,slack,"Interrogative utterance asking a question, not an affirmative undertaking by the speaker."
hard_train_0211,I commit to providing a dedicated customer success engineer for your account starting next month.,COMMITMENT,sales_client,medium,True,False,True,professional,email,"Formal executive, sales, or SLA commitment binding the speaker or organization."
hard_train_0212,I see that the regression suite uncovered two bugs. I will fix both issues and trigger a rebuild before 7 PM.,COMMITMENT,engineering,hard,True,False,True,conversational,ticket,"Multi-sentence conversational message concluding with a clear, direct commitment to act."
hard_train_0213,We will organize the customer focus group session before the end of the sprint.,COMMITMENT,project,medium,False,False,True,professional,meeting_transcript,Team-level firm undertaking binding group or department to concrete deliverable.
hard_train_0214,Should we prepare the pitch deck before meeting the investors tomorrow?,NON_COMMITMENT,executive,hard,True,False,False,conversational,chat,"Interrogative utterance asking a question, not an affirmative undertaking by the speaker."
hard_train_0215,I will make certain that the vendor receives the signed contract before 3 PM.,COMMITMENT,operations,hard,True,False,True,conversational,email,"Conversational or idiomatic commitment expressing clear, affirmative undertaking by speaker."
hard_train_0216,Team standups run from 9:30 AM to 9:45 AM every weekday.,NON_COMMITMENT,project,hard,True,False,False,professional,chat,"General descriptive statement explaining routine, policy, or recurring schedule."
hard_train_0217,I could potentially help you with the grocery run later today.,NON_COMMITMENT,personal_errands,hard,True,False,True,conversational,chat,Speculative or tentative statement lacking definitive commitment to act.
hard_train_0218,I might be free to check the test results tomorrow afternoon.,NON_COMMITMENT,academic_student,hard,True,False,True,conversational,chat,Speculative or tentative statement lacking definitive commitment to act.
hard_train_0219,Could someone take a look at the checkout service error logs?,NON_COMMITMENT,engineering,hard,False,False,False,conversational,ticket,"Interrogative utterance asking a question, not an affirmative undertaking by the speaker."
hard_train_0220,I could possibly prepare a summary if the manager explicitly asks for it.,NON_COMMITMENT,operations,hard,False,True,True,conversational,chat,Speculative or tentative statement lacking definitive commitment to act.
hard_train_0221,We will deliver the updated sprint backlog spreadsheet to the director by tomorrow noon.,COMMITMENT,project,medium,True,False,True,professional,slack,Team-level firm undertaking binding group or department to concrete deliverable.
hard_train_0222,Has the client accepted the proposed milestone dates?,NON_COMMITMENT,sales_client,hard,False,False,False,conversational,meeting_transcript,"Interrogative utterance asking a question, not an affirmative undertaking by the speaker."
hard_train_0223,Would it be possible for you to share the deck before our 10 AM sync?,NON_COMMITMENT,executive,hard,True,False,True,conversational,email,"Interrogative utterance asking a question, not an affirmative undertaking by the speaker."
hard_train_0224,I won't be preparing the sprint retrospective slides for this iteration.,NON_COMMITMENT,project,hard,False,False,True,conversational,chat,"Direct negation, refusal, or statement disclaiming commitment or responsibility."
hard_train_0225,I'll see this through and guarantee the invoice breakdown is delivered today.,COMMITMENT,operations,hard,True,False,True,conversational,chat,"Conversational or idiomatic commitment expressing clear, affirmative undertaking by speaker."
hard_train_0226,"Once the data migration finishes, I will validate the user table integrity before 10 AM.",COMMITMENT,engineering,medium,True,True,True,professional,slack,"Conditional commitment triggered upon condition fulfillment, promising concrete action."
hard_train_0227,I cannot guarantee that the bug will be resolved before the release.,NON_COMMITMENT,engineering,hard,False,False,True,conversational,slack,"Direct negation, refusal, or statement disclaiming commitment or responsibility."
hard_train_0228,I promise to look through your thesis draft and add inline comments by Sunday evening.,COMMITMENT,academic_student,medium,True,False,True,professional,chat,Direct explicit first-person commitment with concrete deliverable and timeframe.
hard_train_0229,I will personally guarantee that your support tickets receive senior engineering escalation within one hour.,COMMITMENT,sales_client,medium,True,False,True,professional,email,"Formal executive, sales, or SLA commitment binding the speaker or organization."
hard_train_0230,"According to Priya, the sales team was supposed to send the updated pricing yesterday.",NON_COMMITMENT,sales_client,hard,False,False,True,conversational,chat,Third-party hearsay or report describing past/external actions rather than an active commitment.
hard_train_0231,The customer requested custom onboarding documentation. I will write the walkthrough guide and share it before Wednesday.,COMMITMENT,operations,hard,True,False,True,conversational,email,"Multi-sentence conversational message concluding with a clear, direct commitment to act."
hard_train_0232,I will send the team the updated architectural diagram before the design sync at 2 PM.,COMMITMENT,engineering,medium,True,False,True,professional,chat,Direct explicit first-person commitment with concrete deliverable and timeframe.
hard_train_0233,I understand the importance of this enterprise deal. I will ensure our solutions architect replies to their RFP by Monday.,COMMITMENT,sales_client,hard,True,False,True,conversational,email,"Multi-sentence conversational message concluding with a clear, direct commitment to act."
hard_train_0234,I might be able to clean up the repository branches over the weekend.,NON_COMMITMENT,engineering,hard,True,False,True,conversational,slack,Speculative or tentative statement lacking definitive commitment to act.
hard_train_0235,We may or may not push the update depending on QA feedback.,NON_COMMITMENT,engineering,hard,False,True,False,conversational,slack,Speculative or tentative statement lacking definitive commitment to act.
hard_train_0236,It's possible we will look into adding that feature in a future sprint.,NON_COMMITMENT,project,hard,False,False,False,conversational,ticket,Speculative or tentative statement lacking definitive commitment to act.
hard_train_0237,I am taking full responsibility for finishing the thesis literature review by Sunday.,COMMITMENT,academic_student,hard,True,False,True,conversational,chat,"Conversational or idiomatic commitment expressing clear, affirmative undertaking by speaker."
hard_train_0238,I am not going to share unverified benchmarks with the customer.,NON_COMMITMENT,sales_client,hard,False,False,True,conversational,slack,"Direct negation, refusal, or statement disclaiming commitment or responsibility."
hard_train_0239,I'll write and send the newsletter recap to our subscriber list by Friday 10 AM.,COMMITMENT,operations,medium,True,False,True,professional,email,Direct explicit first-person commitment with concrete deliverable and timeframe.
hard_train_0240,I saw your message about the customer escalations. I'll take full ownership of resolving them before end of day.,COMMITMENT,operations,hard,True,False,True,conversational,chat,"Multi-sentence conversational message concluding with a clear, direct commitment to act."
hard_train_0241,"Assuming the customer confirms the appointment, I will conduct the onboarding call tomorrow at 11 AM.",COMMITMENT,sales_client,medium,True,True,True,professional,email,"Conditional commitment triggered upon condition fulfillment, promising concrete action."
hard_train_0242,"Once Arjun approves the database schema changes, I'll run the migration script immediately.",COMMITMENT,engineering,medium,False,True,True,professional,slack,"Conditional commitment triggered upon condition fulfillment, promising concrete action."
hard_train_0243,I refuse to work through the weekend to finish these marketing banners.,NON_COMMITMENT,operations,hard,True,False,True,conversational,chat,"Direct negation, refusal, or statement disclaiming commitment or responsibility."
hard_train_0244,Could you please send the zoom link for our meeting tomorrow morning?,NON_COMMITMENT,personal_errands,hard,True,False,False,conversational,chat,Directive or imperative requesting action from others; not a speaker commitment.
hard_train_0245,Could you let me know when the revised contract draft is ready?,NON_COMMITMENT,sales_client,hard,False,False,True,conversational,chat,"Interrogative utterance asking a question, not an affirmative undertaking by the speaker."
hard_train_0246,Will you send me the tracking link when the package arrives?,NON_COMMITMENT,personal_errands,hard,False,True,True,conversational,chat,"Interrogative utterance asking a question, not an affirmative undertaking by the speaker."
hard_train_0247,Will you be able to push the hotfix before tonight's deployment?,NON_COMMITMENT,engineering,hard,True,False,True,conversational,chat,"Interrogative utterance asking a question, not an affirmative undertaking by the speaker."
hard_train_0248,The recruiter told me the hiring manager would review my resume tomorrow.,NON_COMMITMENT,personal_errands,hard,True,False,True,conversational,email,Third-party hearsay or report describing past/external actions rather than an active commitment.
hard_train_0249,"If you send me the hotel booking confirmation, I'll arrange the airport pickup tonight.",COMMITMENT,personal_errands,medium,True,True,True,professional,chat,"Conditional commitment triggered upon condition fulfillment, promising concrete action."
hard_train_0250,"Don't worry about the slides, I'll polish them up tonight before the demo.",COMMITMENT,executive,hard,True,False,True,conversational,chat,"Conversational or idiomatic commitment expressing clear, affirmative undertaking by speaker."
hard_train_0251,I'll email the client meeting notes and action items within two hours after the call.,COMMITMENT,sales_client,medium,True,False,True,professional,email,Direct explicit first-person commitment with concrete deliverable and timeframe.
hard_train_0252,"Rest assured, I'll make sure the release notes go out before the client sync.",COMMITMENT,project,hard,True,False,True,conversational,slack,"Conversational or idiomatic commitment expressing clear, affirmative undertaking by speaker."
hard_train_0253,We will deploy the updated privacy policy across all web properties before the deadline.,COMMITMENT,operations,medium,False,False,True,professional,ticket,Team-level firm undertaking binding group or department to concrete deliverable.
hard_train_0254,Remember to submit your self-evaluation form before Friday 5 PM.,NON_COMMITMENT,operations,hard,True,False,False,conversational,slack,Directive or imperative requesting action from others; not a speaker commitment.
hard_train_0255,"Assuming Arjun finishes the PR review by 4 PM, I will merge it and tag the release.",COMMITMENT,engineering,medium,True,True,True,professional,slack,"Conditional commitment triggered upon condition fulfillment, promising concrete action."
hard_train_0256,Standard operating procedure requires submitting all expense receipts within 48 hours.,NON_COMMITMENT,operations,hard,True,False,False,professional,ticket,"General descriptive statement explaining routine, policy, or recurring schedule."
hard_train_0257,Send the revised presentation slides to the marketing director.,NON_COMMITMENT,executive,hard,False,False,False,conversational,chat,Directive or imperative requesting action from others; not a speaker commitment.
hard_train_0258,Good catch on the broken styling. I'll fix the CSS layout and push the PR within the next hour.,COMMITMENT,engineering,hard,True,False,True,conversational,slack,"Multi-sentence conversational message concluding with a clear, direct commitment to act."
hard_train_0259,Consider the slide deck finished; I'm wrapping up the final charts right now.,COMMITMENT,executive,hard,False,False,True,conversational,chat,"Conversational or idiomatic commitment expressing clear, affirmative undertaking by speaker."
hard_train_0260,I'll review the Master Services Agreement redlines and reply to your counsel by tomorrow EOD.,COMMITMENT,sales_client,medium,True,False,True,professional,email,"Formal executive, sales, or SLA commitment binding the speaker or organization."
hard_train_0261,The newsletter stated that the conference registration closes tomorrow.,NON_COMMITMENT,academic_student,hard,True,False,False,conversational,email,Third-party hearsay or report describing past/external actions rather than an active commitment.
hard_train_0262,Why haven't we received the sprint metrics report from the data team?,NON_COMMITMENT,project,hard,False,False,False,conversational,meeting_transcript,"Interrogative utterance asking a question, not an affirmative undertaking by the speaker."
hard_train_0263,I'll see if I have bandwidth to help with the invoice breakdown tomorrow.,NON_COMMITMENT,operations,hard,True,False,True,conversational,chat,Speculative or tentative statement lacking definitive commitment to act.
hard_train_0264,Maybe we can wrap up the user research synthesis before next sprint.,NON_COMMITMENT,project,hard,False,False,False,conversational,slack,Speculative or tentative statement lacking definitive commitment to act.
hard_train_0265,Can we schedule the architecture review for Wednesday noon?,NON_COMMITMENT,engineering,hard,True,False,False,conversational,email,"Interrogative utterance asking a question, not an affirmative undertaking by the speaker."
hard_train_0266,"As soon as the design system tokens are published, I will update our component library.",COMMITMENT,engineering,medium,False,True,True,professional,slack,"Conditional commitment triggered upon condition fulfillment, promising concrete action."
hard_train_0267,Please double-check the figures in the slide deck before the board meeting.,NON_COMMITMENT,executive,hard,False,False,False,conversational,email,Directive or imperative requesting action from others; not a speaker commitment.
hard_train_0268,I'll prepare the dataset charts and slides for our group presentation on Wednesday.,COMMITMENT,academic_student,medium,True,False,True,academic,chat,Student or academic milestone commitment with concrete deliverable.
hard_train_0269,Did the QA team finish running the regression tests for the build?,NON_COMMITMENT,engineering,hard,False,False,True,conversational,slack,"Interrogative utterance asking a question, not an affirmative undertaking by the speaker."
hard_train_0270,I'll send the countersigned partnership agreement to your legal counsel before EOD today.,COMMITMENT,executive,medium,True,False,True,professional,email,"Formal executive, sales, or SLA commitment binding the speaker or organization."
hard_train_0271,I'll guarantee that the data export is delivered to compliance before Friday noon.,COMMITMENT,operations,hard,True,False,True,conversational,email,"Conversational or idiomatic commitment expressing clear, affirmative undertaking by speaker."
hard_train_0272,I agree that we need better logging. I will add structured log tracing to the checkout service before Friday.,COMMITMENT,engineering,hard,True,False,True,conversational,slack,"Multi-sentence conversational message concluding with a clear, direct commitment to act."
hard_train_0273,It's up in the air whether I'll be able to send the proposal tomorrow.,NON_COMMITMENT,sales_client,hard,True,False,True,conversational,slack,Speculative or tentative statement lacking definitive commitment to act.
hard_train_0274,It is conceivable that I could deliver a rough sketch before the meeting.,NON_COMMITMENT,project,hard,False,False,True,conversational,chat,Speculative or tentative statement lacking definitive commitment to act.
hard_train_0275,I may look at the API endpoints later tonight if I don't get too tired.,NON_COMMITMENT,engineering,hard,True,True,True,conversational,chat,Speculative or tentative statement lacking definitive commitment to act.
hard_train_0276,Kavya mentioned that she saw Arjun working on the database scripts.,NON_COMMITMENT,engineering,hard,False,False,True,conversational,chat,Third-party hearsay or report describing past/external actions rather than an active commitment.
hard_train_0277,"David claimed he would complete the security review, though nobody verified it.",NON_COMMITMENT,engineering,hard,False,False,True,conversational,ticket,Third-party hearsay or report describing past/external actions rather than an active commitment.
hard_train_0278,I am thinking about reviewing the architecture document later tonight.,NON_COMMITMENT,engineering,hard,True,False,True,conversational,chat,Speculative or tentative statement lacking definitive commitment to act.
hard_train_0279,Remember to turn off the test instances after completing the benchmark.,NON_COMMITMENT,engineering,hard,False,True,False,conversational,slack,Directive or imperative requesting action from others; not a speaker commitment.
hard_train_0280,"According to the support lead, the customer agreed to test the workaround.",NON_COMMITMENT,operations,hard,False,False,True,conversational,ticket,Third-party hearsay or report describing past/external actions rather than an active commitment.
hard_train_0281,I am not going to write the unit tests for their legacy service.,NON_COMMITMENT,engineering,hard,False,False,True,conversational,slack,"Direct negation, refusal, or statement disclaiming commitment or responsibility."
hard_train_0282,"Once we receive the hardware samples, I will benchmark the sensor latency by Friday.",COMMITMENT,engineering,medium,True,True,True,professional,ticket,"Conditional commitment triggered upon condition fulfillment, promising concrete action."
hard_train_0283,Could you please confirm receipt of the invoice breakdown?,NON_COMMITMENT,operations,hard,False,False,True,conversational,email,"Interrogative utterance asking a question, not an affirmative undertaking by the speaker."
hard_train_0284,"If the professor approves our thesis topic, I will draft the project abstract before Monday.",COMMITMENT,academic_student,medium,True,True,True,professional,chat,"Conditional commitment triggered upon condition fulfillment, promising concrete action."
hard_train_0285,Consider it handled; I will email the revised timeline to the client before 5 PM.,COMMITMENT,sales_client,hard,True,False,True,conversational,email,"Conversational or idiomatic commitment expressing clear, affirmative undertaking by speaker."
hard_train_0286,I saw that Arjun is out sick today. I will step in to cover his deployment duties tonight.,COMMITMENT,engineering,hard,True,False,True,conversational,chat,"Multi-sentence conversational message concluding with a clear, direct commitment to act."
hard_train_0287,Please look into why the automated tests failed on the develop branch.,NON_COMMITMENT,engineering,hard,False,False,False,conversational,slack,Directive or imperative requesting action from others; not a speaker commitment.
hard_train_0288,I think I'll probably get around to reviewing the PR sometime next week.,NON_COMMITMENT,engineering,hard,True,False,True,conversational,slack,Speculative or tentative statement lacking definitive commitment to act.
hard_train_0289,"I'm hoping to finish the slide deck before Monday, though I have back-to-back meetings.",NON_COMMITMENT,executive,hard,True,False,True,conversational,email,Speculative or tentative statement lacking definitive commitment to act.
hard_train_0290,We didn't promise to deliver thirty feature points this sprint.,NON_COMMITMENT,project,hard,False,False,False,conversational,meeting_transcript,"Direct negation, refusal, or statement disclaiming commitment or responsibility."
hard_train_0291,We might consider revisiting the database indexing strategy next quarter.,NON_COMMITMENT,engineering,hard,False,False,False,conversational,meeting_transcript,Speculative or tentative statement lacking definitive commitment to act.
hard_train_0292,Don't forget to buy groceries on your way back from work tonight.,NON_COMMITMENT,personal_errands,hard,True,False,False,conversational,chat,Directive or imperative requesting action from others; not a speaker commitment.
hard_train_0293,"If the client signs the order form today, I will trigger onboarding before 5 PM.",COMMITMENT,sales_client,medium,True,True,True,professional,email,"Conditional commitment triggered upon condition fulfillment, promising concrete action."
hard_train_0294,Thanks for flagging the issue. I am looking into the payment gateway error right now and will deploy a hotfix before 6 PM.,COMMITMENT,engineering,hard,True,False,True,conversational,slack,"Multi-sentence conversational message concluding with a clear, direct commitment to act."
hard_train_0295,Under no circumstances will I approve this pull request before the linter passes.,NON_COMMITMENT,engineering,hard,False,True,True,conversational,ticket,"Direct negation, refusal, or statement disclaiming commitment or responsibility."
hard_train_0296,I am not responsible for preparing the meeting minutes for today's sync.,NON_COMMITMENT,operations,hard,True,False,True,conversational,chat,"Direct negation, refusal, or statement disclaiming commitment or responsibility."
hard_train_0297,Thanks for the feedback on chapter three. I'll incorporate your suggestions and share the revised draft by Sunday.,COMMITMENT,academic_student,hard,True,False,True,conversational,chat,"Multi-sentence conversational message concluding with a clear, direct commitment to act."
hard_train_0298,We always conduct postmortems following severe production outages.,NON_COMMITMENT,engineering,hard,False,False,False,professional,ticket,"General descriptive statement explaining routine, policy, or recurring schedule."
hard_train_0299,"As soon as the build pipeline goes green, I will merge and deploy the staging artifacts.",COMMITMENT,engineering,medium,False,True,True,professional,slack,"Conditional commitment triggered upon condition fulfillment, promising concrete action."
hard_train_0300,Thanks for sending the lecture notes. I will compile our group study guide and share it before Saturday morning.,COMMITMENT,academic_student,hard,True,False,True,conversational,chat,"Multi-sentence conversational message concluding with a clear, direct commitment to act."
hard_train_0301,Leave the quarterly OKR alignment deck with me; I'll finish it tonight.,COMMITMENT,executive,hard,True,False,True,conversational,chat,"Conversational or idiomatic commitment expressing clear, affirmative undertaking by speaker."
hard_train_0302,The account executive said the prospect would sign before month-end.,NON_COMMITMENT,sales_client,hard,True,False,True,conversational,meeting_transcript,Third-party hearsay or report describing past/external actions rather than an active commitment.
hard_train_0303,I cannot commit to delivering the pitch deck before Monday morning.,NON_COMMITMENT,executive,hard,True,False,True,conversational,email,"Direct negation, refusal, or statement disclaiming commitment or responsibility."
hard_train_0304,We are committed to delivering the core MVP features before the investor demo.,COMMITMENT,executive,medium,False,True,True,professional,meeting_transcript,Team-level firm undertaking binding group or department to concrete deliverable.
hard_train_0305,"I've got the presentation covered, will share the link before our morning call.",COMMITMENT,project,hard,True,False,True,conversational,slack,"Conversational or idiomatic commitment expressing clear, affirmative undertaking by speaker."
hard_train_0306,Please make sure you submit the quarterly tax documents before 5 PM.,NON_COMMITMENT,operations,hard,True,False,False,conversational,email,Directive or imperative requesting action from others; not a speaker commitment.
hard_train_0307,I will personally supervise the production database cutover tomorrow night at 11 PM.,COMMITMENT,engineering,medium,True,False,True,professional,meeting_transcript,Direct explicit first-person commitment with concrete deliverable and timeframe.
hard_train_0308,Can someone from your squad submit the security audit responses by 3 PM?,NON_COMMITMENT,engineering,hard,True,False,False,conversational,slack,"Interrogative utterance asking a question, not an affirmative undertaking by the speaker."
hard_train_0309,I'll make sure the PR gets reviewed and approved before the build starts tonight.,COMMITMENT,engineering,hard,True,False,True,conversational,slack,"Conversational or idiomatic commitment expressing clear, affirmative undertaking by speaker."
hard_train_0310,I'll take care of drafting the incident postmortem by Friday afternoon.,COMMITMENT,engineering,hard,True,False,True,conversational,ticket,"Conversational or idiomatic commitment expressing clear, affirmative undertaking by speaker."
hard_train_0311,I guarantee our team will deliver the custom analytics integration before the contract milestone.,COMMITMENT,sales_client,medium,False,False,True,professional,email,"Formal executive, sales, or SLA commitment binding the speaker or organization."
hard_train_0312,I'm going to clean up the experimental data spreadsheet before our team sync tomorrow.,COMMITMENT,academic_student,medium,True,False,True,academic,chat,Student or academic milestone commitment with concrete deliverable.
hard_train_0313,We won't deploy to production on a Friday afternoon under any circumstances.,NON_COMMITMENT,engineering,hard,True,False,False,conversational,slack,"Direct negation, refusal, or statement disclaiming commitment or responsibility."
hard_train_0314,Drop off the signed lease agreement at the property office today.,NON_COMMITMENT,personal_errands,hard,True,False,False,conversational,chat,Directive or imperative requesting action from others; not a speaker commitment.
hard_train_0315,Our squad will resolve all blocker issues on the checkout page before the flash sale.,COMMITMENT,engineering,medium,False,True,True,professional,ticket,Team-level firm undertaking binding group or department to concrete deliverable.
hard_train_0316,I see what went wrong with the billing calculation. I will write a patch and deploy it to production before midnight.,COMMITMENT,engineering,hard,True,False,True,conversational,ticket,"Multi-sentence conversational message concluding with a clear, direct commitment to act."
hard_train_0317,The university portal locks course registration at midnight on Sunday.,NON_COMMITMENT,academic_student,hard,True,False,False,professional,email,"General descriptive statement explaining routine, policy, or recurring schedule."
hard_train_0318,I am going to proofread our group submission before the turnitin deadline at midnight.,COMMITMENT,academic_student,medium,True,False,True,academic,chat,Student or academic milestone commitment with concrete deliverable.
hard_train_0319,I hear your frustration regarding the invoice delay. I will personally escalate this to accounting before noon.,COMMITMENT,sales_client,hard,True,False,True,conversational,chat,"Multi-sentence conversational message concluding with a clear, direct commitment to act."
hard_train_0320,I'll prepare the executive summary for the quarterly board review before Thursday morning.,COMMITMENT,executive,medium,True,False,True,professional,chat,Direct explicit first-person commitment with concrete deliverable and timeframe.
